question,long_answers,short_answers
which is the most common use of opt-in e-mail marketing,"<P> A common example of permission marketing is a newsletter sent to an advertising firm 's customers . Such newsletters inform customers of upcoming events or promotions , or new products . In this type of advertising , a company that wants to send a newsletter to their customers may ask them at the point of purchase if they would like to receive the newsletter . </P>",a newsletter sent to an advertising firm 's customers
how i.met your mother who is the mother,"<P> Tracy McConnell , better known as `` The Mother '' , is the title character from the CBS television sitcom How I Met Your Mother . The show , narrated by Future Ted , tells the story of how Ted Mosby met The Mother . Tracy McConnell appears in 8 episodes from `` Lucky Penny '' to `` The Time Travelers '' as an unseen character ; she was first seen fully in `` Something New '' and was promoted to a main character in season 9 . The Mother is played by Cristin Milioti . </P>",Tracy McConnell
what type of fertilisation takes place in humans,"<P> The process of fertilization involves a sperm fusing with an ovum . The most common sequence begins with ejaculation during copulation , follows with ovulation , and finishes with fertilization . Various exceptions to this sequence are possible , including artificial insemination , in vitro fertilization , external ejaculation without copulation , or copulation shortly after ovulation . Upon encountering the secondary oocyte , the acrosome of the sperm produces enzymes which allow it to burrow through the outer jelly coat of the egg . The sperm plasma then fuses with the egg 's plasma membrane , the sperm head disconnects from its flagellum and the egg travels down the Fallopian tube to reach the uterus . </P>",
who had the most wins in the nfl,"<P> Active quarterback Tom Brady holds the records for most wins with 220 , most regular season wins with 195 , and most postseason wins with 25 , as of Week 16 of the 2017 NFL season . Having played the entirety of his career with the New England Patriots , each of Brady 's win records also apply to wins with a single team . </P>",Tom Brady
what happened to the lost settlement of roanoke,,
what are the different regions of africa and how do they differ,,
who played mantis guardians of the galaxy 2,"<P> Pom Klementieff ( born 3 May 1986 ) is a French actress . She was trained at the Cours Florent drama school in Paris and has appeared in such films as Loup ( 2009 ) , Sleepless Night ( 2011 ) and Hacker 's Game ( 2015 ) . She plays the role of Mantis in the film Guardians of the Galaxy Vol. 2 ( 2017 ) and will appear in the same role in the film Avengers : Infinity War ( 2018 ) . </P>",Pom Klementieff
who did the voice of the magician in frosty the snowman,,
what indian tribe did the acadians form friendships and alliances with,"<P> The survival of the Acadian settlements was based on successful cooperation with the Indigenous peoples of the region . In the early years of Acadian settlement , this included a small number of recorded marriages between Acadian settlers and Indigenous women . Some records have survived showing marriages between Acadian settlers and Indigenous women in formal Roman Catholic rites , for example , the marriage of Charles La Tour to a Mi'kmaw woman in 1626 . There were also reported instances of Acadian settlers marrying Indigenous spouses according to Mi'kmaq rites , and subsequently living in Mi'kmaq communities . Many settlers also brought French wives with them to Acadia , such as La Tour 's second wife , Françoise - Marie Jacquelin , who joined him in Acadia in 1640 . </P>",
what is considered the outer banks in north carolina,,
who is deputy cm of j and k,"<Table> <Tr> <Th_colspan=""2""> Deputy Chief Minister of Jammu and Kashmir </Th> </Tr> <Tr> <Td_colspan=""2""> Incumbent Vacant since 20 June 2018 </Td> </Tr> <Tr> <Th> Appointer </Th> <Td> Governor of Jammu and Kashmir </Td> </Tr> <Tr> <Th> Inaugural holder </Th> <Td> Bakshi Ghulam Mohammad ( as Deputy Prime Minister ) </Td> </Tr> <Tr> <Th> Formation </Th> <Td> 5 March 1948 </Td> </Tr> </Table>",
bangko sentral ng pilipinas (central bank of the philippines),,
actual time taken from start to finish to produce one unit of value,,
i had trouble in getting to solla sellew,,
ed sheeran i ' m in love with your body,,
the nashville sound brought a polished and cosmopolitan sound to country music by,"<P> In the early 1960s , the Nashville sound began to be challenged by the rival Bakersfield sound on the country side and by the British Invasion on the pop side ; compounding these problems were the sudden deaths , in separate airplane crashes , of Patsy Cline and Jim Reeves , two of the Nashville Sound 's biggest stars . Nashville 's pop song structure became more pronounced and it morphed into what was called Countrypolitan - a smoother sound typified through the use of lush string arrangements with a real orchestra and often , background vocals provided by a choir . Countrypolitan was aimed straight at mainstream markets and it sold well throughout the later 1960s into the early 1970s . Among the architects of this sound were producers Billy Sherrill ( who was instrumental in shaping Tammy Wynette 's early career ) and Glenn Sutton . Artists who typified the countrypolitan sound initially included Wynette , Glen Campbell ( who recorded in Hollywood and not Nashville ) , Lynn Anderson , Charlie Rich , and Charley Pride , the latter being a rare example of a top - selling African - American country performer . </P>","the use of lush string arrangements with a real orchestra and often , background vocals provided by a choir"
the new atlantis a journal of technology and society,,
list the seven wonders of the modern world,,
rolling stone top bands of all time list,,
what channel is the premier league on in france,<Table> <Tr> <Th> Country </Th> <Th> Language </Th> <Th> Broadcasters </Th> </Tr> <Tr> <Td> Albania </Td> <Td> Albanian </Td> <Td> SuperSport </Td> </Tr> <Tr> <Td> Kosovo </Td> </Tr> <Tr> <Td> Serbia </Td> <Td> Serbian Croatian Macedonian Slovenian </Td> <Td> Sport Klub </Td> </Tr> <Tr> <Td> Croatia </Td> </Tr> <Tr> <Td> Bosnia and Herzegovina </Td> </Tr> <Tr> <Td> Montenegro </Td> </Tr> <Tr> <Td> Macedonia </Td> </Tr> <Tr> <Td> Slovenia </Td> </Tr> <Tr> <Td> Andorra </Td> <Td> Spanish </Td> <Td> Movistar+ </Td> </Tr> <Tr> <Td> Armenia </Td> <Td> Armenian </Td> <Td> Armenia 2 </Td> </Tr> <Tr> <Td> Austria </Td> <Td> German </Td> <Td> DAZN </Td> </Tr> <Tr> <Td> Azerbaijan </Td> <Td> Azerbaijani </Td> <Td> AzTV </Td> </Tr> <Tr> <Td> Belarus </Td> <Td> Belarusian </Td> <Td> Beltelradio </Td> </Tr> <Tr> <Td> Belgium </Td> <Td> Dutch French </Td> <Td> Play Sports VOO Sport </Td> </Tr> <Tr> <Td> Bulgaria </Td> <Td> Bulgarian </Td> <Td> Diema Sport </Td> </Tr> <Tr> <Td> Cyprus </Td> <Td> Greek </Td> <Td> CytaVision </Td> </Tr> <Tr> <Td> Czech Republic </Td> <Td> Czech </Td> <Td> Digi Sport </Td> </Tr> <Tr> <Td> Denmark </Td> <Td> Danish </Td> <Td> TV3 Sport 6'eren </Td> </Tr> <Tr> <Td> Estonia </Td> <Td> Estonian </Td> <Td> Viasat Sport Baltic </Td> </Tr> <Tr> <Td> Finland </Td> <Td> Finnish </Td> <Td> Viasat Sport </Td> </Tr> <Tr> <Td> France </Td> <Td> French </Td> <Td> SFR Sport </Td> </Tr> <Tr> <Td> Georgia </Td> <Td> Georgian </Td> <Td> Silknet </Td> </Tr> <Tr> <Td> Germany </Td> <Td> German </Td> <Td> DAZN </Td> </Tr> <Tr> <Td> Greece </Td> <Td> Greek </Td> <Td> Cosmote Sport </Td> </Tr> <Tr> <Td> Hungary </Td> <Td> Hungarian </Td> <Td> Spíler TV </Td> </Tr> <Tr> <Td> Iceland </Td> <Td> Icelandic </Td> <Td> Stöð 2 Sport </Td> </Tr> <Tr> <Td> Ireland </Td> <Td> English </Td> <Td> Sky Sports BT Sport </Td> </Tr> <Tr> <Td> Italy </Td> <Td> Italian </Td> <Td> SKY Sport </Td> </Tr> <Tr> <Td> Latvia </Td> <Td> Latvian </Td> <Td> Viasat Sport Baltic </Td> </Tr> <Tr> <Td> Liechtenstein </Td> <Td> German </Td> <Td> DAZN </Td> </Tr> <Tr> <Td> Lithuania </Td> <Td> Lithuanian </Td> <Td> Viasat Sport Baltic </Td> </Tr> <Tr> <Td> Luxembourg </Td> <Td> French </Td> <Td> VOO Sport </Td> </Tr> <Tr> <Td> Malta </Td> <Td> English </Td> <Td> GO Sports </Td> </Tr> <Tr> <Td> Netherlands </Td> <Td> Dutch </Td> <Td> Ziggo Sport Totaal </Td> </Tr> <Tr> <Td> Norway </Td> <Td> English / Norwegian </Td> <Td> TV2 </Td> </Tr> <Tr> <Td> Poland </Td> <Td> Polish </Td> <Td> NC+ </Td> </Tr> <Tr> <Td> Portugal </Td> <Td> Portuguese </Td> <Td> Sport TV </Td> </Tr> <Tr> <Td> Romania </Td> <Td> Romanian </Td> <Td> Eurosport 1 Telekom Sport </Td> </Tr> <Tr> <Td> Russia </Td> <Td> Russian </Td> <Td> Match TV </Td> </Tr> <Tr> <Td> San Marino </Td> <Td> Italian </Td> <Td> SKY Sport </Td> </Tr> <Tr> <Td> Slovakia </Td> <Td> Czech </Td> <Td> Digi Sport </Td> </Tr> <Tr> <Td> Spain </Td> <Td> Spanish </Td> <Td> Movistar+ </Td> </Tr> <Tr> <Td> Sweden </Td> <Td> Swedish </Td> <Td> Viasat Sport </Td> </Tr> <Tr> <Td> Switzerland </Td> <Td> German French </Td> <Td> DAZN SFR Sport </Td> </Tr> <Tr> <Td> Turkey </Td> <Td> Turkish </Td> <Td> S Sport </Td> </Tr> <Tr> <Td> Ukraine </Td> <Td> Ukrainian </Td> <Td> Football TV Сhannel </Td> </Tr> <Tr> <Td> United Kingdom </Td> <Td> English </Td> <Td> Sky Sports BT Sport BBC Sport ( Highlights only ) </Td> </Tr> </Table>,SFR Sport
what is the use of jdk in java,"<P> The Java Development Kit ( JDK ) is an implementation of either one of the Java Platform , Standard Edition , Java Platform , Enterprise Edition , or Java Platform , Micro Edition platforms released by Oracle Corporation in the form of a binary product aimed at Java developers on Solaris , Linux , macOS or Windows . The JDK includes a private JVM and a few other resources to finish the development of a Java Application . Since the introduction of the Java platform , it has been by far the most widely used Software Development Kit ( SDK ) . On 17 November 2006 , Sun announced that they would release it under the GNU General Public License ( GPL ) , thus making it free software . This happened in large part on 8 May 2007 , when Sun contributed the source code to the OpenJDK . </P>",
who needs to be in the car with a permit driver,"<P> Typically , a driver operating with a learner 's permit must be accompanied by an adult licensed driver who is at least 21 years of age or older and in the passenger seat of the vehicle at all times . </P>",an adult licensed driver who is at least 21 years of age or older and in the passenger seat of the vehicle at all times
god's not dead a light in the darkness release date,"<P> Principal photography was completed in Little Rock , Arkansas in December 2017 . It was released in the United States on March 30 , 2018 . Unlike the first two films , A Light in Darkness was a box office bomb , making less in its entire theatrical run ( $5.7 million ) than the others grossed in their respective opening weekends ( $9.7 million and $7.6 million ) . </P>","March 30 , 2018"
who plays young flo in the progressive commercials,,
i love it (feat. charli xcx) icona pop,,
the u.s. supreme court hears appeals from circuit courts,,
ru pauls drag race all stars 2 episode 3,,
who is the current president of un general assembly,<P> Miroslav Lajčák of Slovakia has been elected as the United Nations General Assembly President of its 72nd session beginning in September 2017 . </P>,Miroslav Lajčák of Slovakia
why does the author say that the vampire in nosferatu is named count orlok and not count dracula,,
what season does chris pratt join the office,,
when do they pull the powerball numbers 2016,"<P> Drawings for Powerball are held every Wednesday and Saturday evening at 10 : 59 p.m. Eastern Time . Since October 7 , 2015 , the game has used a 5 / 69 ( white balls ) + 1 / 26 ( Powerballs ) matrix from which winning numbers are chosen , resulting in odds of 1 in 292,201,338 of winning a jackpot per play . Each play costs $2 , or $3 with the Power Play option . ( Originally , Powerball plays cost $1 ; when PowerPlay began , such games were $2 . ) The official cutoff for ticket sales is 10 : 00 p.m. Eastern Time ; some lotteries cut off sales earlier . The drawings are usually held at the Florida Lottery 's studio in Tallahassee . </P>",every Wednesday and Saturday evening at 10 : 59 p.m. Eastern Time
when do the eclipse supposed to take place,"<Table> <Tr> <Th_colspan=""2""> Solar eclipse of August 21 , 2017 </Th> </Tr> <Tr> <Td_colspan=""2""> Totality as seen from Simpsonville , South Carolina </Td> </Tr> <Tr> <Td_colspan=""2""> Map </Td> </Tr> <Tr> <Th_colspan=""2""> Type of eclipse </Th> </Tr> <Tr> <Th> Nature </Th> <Td> Total </Td> </Tr> <Tr> <Th> Gamma </Th> <Td> 0.4367 </Td> </Tr> <Tr> <Th> Magnitude </Th> <Td> 1.0306 </Td> </Tr> <Tr> <Th_colspan=""2""> Maximum eclipse </Th> </Tr> <Tr> <Th> Duration </Th> <Td> 160 sec ( 2 m 40 s ) </Td> </Tr> <Tr> <Th> </Th> <Td> 37 ° 00 ′ N 87 ° 42 ′ W ﻿ / ﻿ 37 ° N 87.7 ° W ﻿ / 37 ; - 87.7 </Td> </Tr> <Tr> <Th> Max . width of band </Th> <Td> 115 km ( 71 mi ) </Td> </Tr> <Tr> <Th_colspan=""2""> Times ( UTC ) </Th> </Tr> <Tr> <Th> ( P1 ) Partial begin </Th> <Td> 15 : 46 : 48 </Td> </Tr> <Tr> <Th> ( U1 ) Total begin </Th> <Td> 16 : 48 : 32 </Td> </Tr> <Tr> <Th> Greatest eclipse </Th> <Td> 18 : 26 : 40 </Td> </Tr> <Tr> <Th> ( U4 ) Total end </Th> <Td> 20 : 01 : 35 </Td> </Tr> <Tr> <Th> ( P4 ) Partial end </Th> <Td> 21 : 04 : 19 </Td> </Tr> <Tr> <Th_colspan=""2""> References </Th> </Tr> <Tr> <Th> Saros </Th> <Td> 145 ( 22 of 77 ) </Td> </Tr> <Tr> <Th> Catalog # ( SE5000 ) </Th> <Td> 9546 </Td> </Tr> </Table>","August 21 , 2017"
what is the name of the sea surrounding dubai,"<P> Dubai ( / duːˈbaɪ / doo - BY ; Arabic : دبي ‎ Dubay , Gulf pronunciation : ( dʊˈbɑj ) ) is the largest and most populous city in the United Arab Emirates ( UAE ) . It is located on the southeast coast of the Persian Gulf and is the capital of the Emirate of Dubai , one of the seven emirates that make up the country . Abu Dhabi and Dubai are the only two emirates to have veto power over critical matters of national importance in the country 's Federal Supreme Council . The city of Dubai is located on the emirate 's northern coastline and heads the Dubai - Sharjah - Ajman metropolitan area . Dubai will host World Expo 2020 . </P>",Persian Gulf
who holds the nba record for most points in a career,"<Table> <Tr> <Th> Rank </Th> <Th> Player </Th> <Th> Position ( s ) </Th> <Th> Team ( s ) played for ( years ) </Th> <Th> Total points </Th> <Th> Games played </Th> <Th> Points per game average </Th> <Th> Field goals made </Th> <Th> Three - point field goals made </Th> <Th> Free throws made </Th> </Tr> <Tr> <Td> </Td> <Td> Abdul - Jabbar , Kareem Kareem Abdul - Jabbar * </Td> <Td> </Td> <Td> Milwaukee Bucks ( 1969 -- 1975 ) Los Angeles Lakers ( 1975 -- 1989 ) </Td> <Td> 38,387 </Td> <Td> 1,560 </Td> <Td> 24.6 </Td> <Td> 15,837 </Td> <Td> </Td> <Td> 6,712 </Td> </Tr> <Tr> <Td> </Td> <Td> Malone , Karl Karl Malone * </Td> <Td> PF </Td> <Td> Utah Jazz ( 1985 -- 2003 ) Los Angeles Lakers ( 2003 -- 2004 ) </Td> <Td> 36,928 </Td> <Td> 1,476 </Td> <Td> 25.0 </Td> <Td> 13,528 </Td> <Td> 85 </Td> <Td> 9,787 </Td> </Tr> <Tr> <Td> </Td> <Td> Bryant , Kobe Kobe Bryant </Td> <Td> SG </Td> <Td> Los Angeles Lakers ( 1996 -- 2016 ) </Td> <Td> 33,643 </Td> <Td> 1,346 </Td> <Td> 25.0 </Td> <Td> 11,719 </Td> <Td> 1,827 </Td> <Td> 8,378 </Td> </Tr> <Tr> <Td> </Td> <Td> Jordan , Michael Michael Jordan * </Td> <Td> SG </Td> <Td> Chicago Bulls ( 1984 -- 1993 , 1995 -- 1998 ) Washington Wizards ( 2001 -- 2003 ) </Td> <Td> 32,292 </Td> <Td> 1,072 </Td> <Td> 30.1 </Td> <Td> 12,192 </Td> <Td> 581 </Td> <Td> 7,327 </Td> </Tr> <Tr> <Td> 5 </Td> <Td> Chamberlain , Wilt Wilt Chamberlain * </Td> <Td> </Td> <Td> Philadelphia / San Francisco Warriors ( 1959 -- 1965 ) Philadelphia 76ers ( 1965 -- 1968 ) Los Angeles Lakers ( 1968 -- 1973 ) </Td> <Td> 31,419 </Td> <Td> 1,045 </Td> <Td> 30.1 </Td> <Td> 12,681 </Td> <Td> 0 </Td> <Td> 6,057 </Td> </Tr> <Tr> <Td> 6 </Td> <Td> Nowitzki , Dirk Dirk Nowitzki ^ </Td> <Td> PF / C </Td> <Td> Dallas Mavericks ( 1999 -- present ) </Td> <Td> 31,187 </Td> <Td> 1,471 </Td> <Td> 21.2 </Td> <Td> 11,034 </Td> <Td> 1,918 </Td> <Td> 7,201 </Td> </Tr> <Tr> <Td> 7 </Td> <Td> James , LeBron LeBron James ^ </Td> <Td> SF / PF </Td> <Td> Cleveland Cavaliers ( 2003 -- 2010 , 2014 -- present ) Miami Heat ( 2010 -- 2014 ) </Td> <Td> 30,925 </Td> <Td> 1,139 </Td> <Td> 27.2 </Td> <Td> 11,240 </Td> <Td> 1,607 </Td> <Td> 6,838 </Td> </Tr> <Tr> <Td> 8 </Td> <Td> O'Neal , Shaquille Shaquille O'Neal * </Td> <Td> </Td> <Td> Orlando Magic ( 1992 -- 1996 ) Los Angeles Lakers ( 1996 -- 2004 ) Miami Heat ( 2004 -- 2008 ) Phoenix Suns ( 2008 -- 2009 ) Cleveland Cavaliers ( 2009 -- 2010 ) Boston Celtics ( 2010 -- 2011 ) </Td> <Td> 28,596 </Td> <Td> 1,207 </Td> <Td> 23.7 </Td> <Td> 11,330 </Td> <Td> </Td> <Td> 5,935 </Td> </Tr> <Tr> <Td> 9 </Td> <Td> Malone , Moses Moses Malone * </Td> <Td> </Td> <Td> Buffalo Braves ( 1976 ) Houston Rockets ( 1976 -- 1982 ) Philadelphia 76ers ( 1982 -- 1986 , 1993 -- 1994 ) Washington Bullets ( 1986 -- 1988 ) Atlanta Hawks ( 1988 -- 1991 ) Milwaukee Bucks ( 1991 -- 1993 ) San Antonio Spurs ( 1994 -- 1995 ) </Td> <Td> 27,409 </Td> <Td> 1,329 </Td> <Td> 20.6 </Td> <Td> 9,435 </Td> <Td> 8 </Td> <Td> 8,531 </Td> </Tr> <Tr> <Td> 10 </Td> <Td> Hayes , Elvin Elvin Hayes * </Td> <Td> PF / C </Td> <Td> San Diego / Houston Rockets ( 1968 -- 1972 , 1981 -- 1984 ) Baltimore / Capital / Washington Bullets ( 1972 -- 1981 ) </Td> <Td> 27,313 </Td> <Td> 1,303 </Td> <Td> 21.0 </Td> <Td> 10,976 </Td> <Td> 5 </Td> <Td> 5,356 </Td> </Tr> <Tr> <Td> 11 </Td> <Td> Olajuwon , Hakeem Hakeem Olajuwon * </Td> <Td> </Td> <Td> Houston Rockets ( 1984 -- 2001 ) Toronto Raptors ( 2001 -- 2002 ) </Td> <Td> 26,946 </Td> <Td> 1,238 </Td> <Td> 21.8 </Td> <Td> 10,749 </Td> <Td> 25 </Td> <Td> 5,423 </Td> </Tr> <Tr> <Td> 12 </Td> <Td> Robertson , Oscar Oscar Robertson * </Td> <Td> PG </Td> <Td> Cincinnati Royals ( 1960 -- 1970 ) Milwaukee Bucks ( 1970 -- 1974 ) </Td> <Td> 26,710 </Td> <Td> 1,040 </Td> <Td> 25.7 </Td> <Td> 9,508 </Td> <Td> 0 </Td> <Td> 7,694 </Td> </Tr> <Tr> <Td> 13 </Td> <Td> Wilkins , Dominique Dominique Wilkins * </Td> <Td> SF </Td> <Td> Atlanta Hawks ( 1982 -- 1994 ) Los Angeles Clippers ( 1994 ) Boston Celtics ( 1994 -- 1995 ) San Antonio Spurs ( 1996 -- 1997 ) Orlando Magic ( 1999 ) </Td> <Td> 26,668 </Td> <Td> 1,074 </Td> <Td> 24.8 </Td> <Td> 9,963 </Td> <Td> 711 </Td> <Td> 6,031 </Td> </Tr> <Tr> <Td> 14 </Td> <Td> Duncan , Tim Tim Duncan </Td> <Td> PF / C </Td> <Td> San Antonio Spurs ( 1997 -- 2016 ) </Td> <Td> 26,496 </Td> <Td> 1,392 </Td> <Td> 19.0 </Td> <Td> 10,285 </Td> <Td> 30 </Td> <Td> 5,896 </Td> </Tr> <Tr> <Td> 15 </Td> <Td> Pierce , Paul Paul Pierce </Td> <Td> SF / SG </Td> <Td> Boston Celtics ( 1999 -- 2013 ) Brooklyn Nets ( 2013 -- 2014 ) Washington Wizards ( 2014 -- 2015 ) Los Angeles Clippers ( 2015 -- 2017 ) </Td> <Td> 26,397 </Td> <Td> 1,343 </Td> <Td> 19.7 </Td> <Td> 8,668 </Td> <Td> 2,143 </Td> <Td> 6,918 </Td> </Tr> <Tr> <Td> 16 </Td> <Td> Havlicek , John John Havlicek * </Td> <Td> SF / SG </Td> <Td> Boston Celtics ( 1962 -- 1978 ) </Td> <Td> 26,395 </Td> <Td> 1,270 </Td> <Td> 20.8 </Td> <Td> 10,513 </Td> <Td> 0 </Td> <Td> 5,369 </Td> </Tr> <Tr> <Td> 17 </Td> <Td> Garnett , Kevin Kevin Garnett </Td> <Td> PF / C </Td> <Td> Minnesota Timberwolves ( 1995 -- 2007 , 2015 -- 2016 ) Boston Celtics ( 2007 -- 2013 ) Brooklyn Nets ( 2013 -- 2015 ) </Td> <Td> 26,071 </Td> <Td> 1,462 </Td> <Td> 17.8 </Td> <Td> 10,505 </Td> <Td> 174 </Td> <Td> 4,887 </Td> </Tr> <Tr> <Td> 18 </Td> <Td> English , Alex Alex English * </Td> <Td> SF </Td> <Td> Milwaukee Bucks ( 1976 -- 1978 ) Indiana Pacers ( 1978 -- 1980 ) Denver Nuggets ( 1980 -- 1990 ) Dallas Mavericks ( 1990 -- 1991 ) </Td> <Td> 25,613 </Td> <Td> 1,193 </Td> <Td> 21.5 </Td> <Td> 10,659 </Td> <Td> 18 </Td> <Td> 4,277 </Td> </Tr> <Tr> <Td> 19 </Td> <Td> Anthony , Carmelo Carmelo Anthony ^ </Td> <Td> SF </Td> <Td> Denver Nuggets ( 2003 -- 2011 ) New York Knicks ( 2011 -- 2017 ) Oklahoma City Thunder ( 2017 -- present ) </Td> <Td> 25,374 </Td> <Td> 1,051 </Td> <Td> 24.1 </Td> <Td> 9,073 </Td> <Td> 1,336 </Td> <Td> 5,892 </Td> </Tr> <Tr> <Td> 20 </Td> <Td> Miller , Reggie Reggie Miller * </Td> <Td> SG </Td> <Td> Indiana Pacers ( 1987 -- 2005 ) </Td> <Td> 25,279 </Td> <Td> 1,389 </Td> <Td> 18.2 </Td> <Td> 8,241 </Td> <Td> 2,560 </Td> <Td> 6,237 </Td> </Tr> <Tr> <Td> 21 </Td> <Td> West , Jerry Jerry West * </Td> <Td> PG / SG </Td> <Td> Los Angeles Lakers ( 1960 -- 1974 ) </Td> <Td> 25,192 </Td> <Td> 932 </Td> <Td> 27.0 </Td> <Td> 9,016 </Td> <Td> 0 </Td> <Td> 7,160 </Td> </Tr> <Tr> <Td> 22 </Td> <Td> Carter , Vince Vince Carter ^ </Td> <Td> SG / SF </Td> <Td> Toronto Raptors ( 1999 -- 2004 ) New Jersey Nets ( 2004 -- 2009 ) Orlando Magic ( 2009 -- 2010 ) Phoenix Suns ( 2010 -- 2011 ) Dallas Mavericks ( 2011 -- 2014 ) Memphis Grizzlies ( 2014 -- 2017 ) Sacramento Kings ( 2017 -- present ) </Td> <Td> 24,850 </Td> <Td> 1,402 </Td> <Td> 17.7 </Td> <Td> 8,984 </Td> <Td> 2,103 </Td> <Td> 4,779 </Td> </Tr> <Tr> <Td> 23 </Td> <Td> Ewing , Patrick Patrick Ewing * </Td> <Td> </Td> <Td> New York Knicks ( 1985 -- 2000 ) Seattle SuperSonics ( 2000 -- 2001 ) Orlando Magic ( 2001 -- 2002 ) </Td> <Td> 24,815 </Td> <Td> 1,183 </Td> <Td> 21.0 </Td> <Td> 9,702 </Td> <Td> 19 </Td> <Td> 5,392 </Td> </Tr> <Tr> <Td> 24 </Td> <Td> Allen , Ray Ray Allen * </Td> <Td> SG </Td> <Td> Milwaukee Bucks ( 1996 -- 2003 ) Seattle SuperSonics ( 2003 -- 2007 ) Boston Celtics ( 2007 -- 2012 ) Miami Heat ( 2012 -- 2014 ) </Td> <Td> 24,505 </Td> <Td> 1,300 </Td> <Td> 18.9 </Td> <Td> 8,567 </Td> <Td> 2,973 </Td> <Td> 4,398 </Td> </Tr> <Tr> <Td> 25 </Td> <Td> Iverson , Allen Allen Iverson * </Td> <Td> SG / PG </Td> <Td> Philadelphia 76ers ( 1996 -- 2006 , 2009 -- 2010 ) Denver Nuggets ( 2006 -- 2008 ) Detroit Pistons ( 2008 -- 2009 ) Memphis Grizzlies ( 2009 ) </Td> <Td> 24,368 </Td> <Td> 914 </Td> <Td> 26.7 </Td> <Td> 8,467 </Td> <Td> 1,059 </Td> <Td> 6,375 </Td> </Tr> <Tr> <Td> 26 </Td> <Td> Barkley , Charles Charles Barkley * </Td> <Td> PF </Td> <Td> Philadelphia 76ers ( 1984 -- 1992 ) Phoenix Suns ( 1992 -- 1996 ) Houston Rockets ( 1996 -- 2000 ) </Td> <Td> 23,757 </Td> <Td> 1,073 </Td> <Td> 22.1 </Td> <Td> 8,435 </Td> <Td> 538 </Td> <Td> 6,349 </Td> </Tr> <Tr> <Td> 27 </Td> <Td> Parish , Robert Robert Parish * </Td> <Td> </Td> <Td> Golden State Warriors ( 1976 -- 1980 ) Boston Celtics ( 1980 -- 1994 ) Charlotte Hornets ( 1994 -- 1996 ) Chicago Bulls ( 1996 -- 1997 ) </Td> <Td> 23,334 </Td> <Td> 1,611 </Td> <Td> 14.5 </Td> <Td> 9,614 </Td> <Td> 0 </Td> <Td> 4,106 </Td> </Tr> <Tr> <Td> 28 </Td> <Td> Dantley , Adrian Adrian Dantley * </Td> <Td> SF </Td> <Td> Buffalo Braves ( 1976 -- 1977 ) Indiana Pacers ( 1977 ) Los Angeles Lakers ( 1977 -- 1979 ) Utah Jazz ( 1979 -- 1986 ) Detroit Pistons ( 1986 -- 1989 ) Dallas Mavericks ( 1989 -- 1990 ) Milwaukee Bucks ( 1991 ) </Td> <Td> 23,177 </Td> <Td> 955 </Td> <Td> 24.3 </Td> <Td> 8,169 </Td> <Td> 7 </Td> <Td> 6,832 </Td> </Tr> <Tr> <Td> 29 </Td> <Td> Baylor , Elgin Elgin Baylor * </Td> <Td> SF </Td> <Td> Minneapolis / Los Angeles Lakers ( 1958 -- 1971 ) </Td> <Td> 23,149 </Td> <Td> 846 </Td> <Td> 27.4 </Td> <Td> 8,693 </Td> <Td> 0 </Td> <Td> 5,763 </Td> </Tr> <Tr> <Td> 30 </Td> <Td> Drexler , Clyde Clyde Drexler * </Td> <Td> SG </Td> <Td> Portland Trail Blazers ( 1983 -- 1995 ) Houston Rockets ( 1995 -- 1998 ) </Td> <Td> 22,195 </Td> <Td> 1,086 </Td> <Td> 20.4 </Td> <Td> 8,335 </Td> <Td> 827 </Td> <Td> 4,698 </Td> </Tr> <Tr> <Td> 31 </Td> <Td> Wade , Dwyane Dwyane Wade ^ </Td> <Td> SG </Td> <Td> Miami Heat ( 2003 -- 2016 , 2018 -- present ) Chicago Bulls ( 2016 -- 2017 ) Cleveland Cavaliers ( 2017 -- 2018 ) </Td> <Td> 22,058 </Td> <Td> 979 </Td> <Td> 22.5 </Td> <Td> 8,028 </Td> <Td> 462 </Td> <Td> 5,540 </Td> </Tr> <Tr> <Td> 32 </Td> <Td> Payton , Gary Gary Payton * </Td> <Td> PG </Td> <Td> Seattle SuperSonics ( 1990 -- 2003 ) Milwaukee Bucks ( 2003 ) Los Angeles Lakers ( 2003 -- 2004 ) Boston Celtics ( 2004 -- 2005 ) Miami Heat ( 2005 -- 2007 ) </Td> <Td> 21,813 </Td> <Td> 1,335 </Td> <Td> 16.3 </Td> <Td> 8,708 </Td> <Td> 1,132 </Td> <Td> 3,265 </Td> </Tr> <Tr> <Td> 33 </Td> <Td> Bird , Larry Larry Bird * </Td> <Td> SF / PF </Td> <Td> Boston Celtics ( 1979 -- 1992 ) </Td> <Td> 21,791 </Td> <Td> 897 </Td> <Td> 24.3 </Td> <Td> 8,591 </Td> <Td> 649 </Td> <Td> 3,960 </Td> </Tr> <Tr> <Td> 34 </Td> <Td> Greer , Hal Hal Greer * </Td> <Td> SG / PG </Td> <Td> Syracuse Nationals / Philadelphia 76ers ( 1958 -- 1973 ) </Td> <Td> 21,586 </Td> <Td> 1,122 </Td> <Td> 19.2 </Td> <Td> 8,504 </Td> <Td> 0 </Td> <Td> 4,578 </Td> </Tr> <Tr> <Td> 35 </Td> <Td> Bellamy , Walt Walt Bellamy * </Td> <Td> </Td> <Td> Chicago Packers / Zephyrs / Baltimore Bullets ( 1961 -- 1965 ) New York Knicks ( 1965 -- 1968 ) Detroit Pistons ( 1968 -- 1970 ) Atlanta Hawks ( 1970 -- 1974 ) New Orleans Jazz ( 1974 ) </Td> <Td> 20,941 </Td> <Td> 1,043 </Td> <Td> 20.1 </Td> <Td> 7,914 </Td> <Td> 0 </Td> <Td> 5,113 </Td> </Tr> <Tr> <Td> 36 </Td> <Td> Pettit , Bob Bob Pettit * </Td> <Td> PF / C </Td> <Td> Milwaukee / St. Louis Hawks ( 1954 -- 1965 ) </Td> <Td> 20,880 </Td> <Td> 792 </Td> <Td> 26.4 </Td> <Td> 7,349 </Td> <Td> 0 </Td> <Td> 6,182 </Td> </Tr> <Tr> <Td> 37 </Td> <Td> Durant , Kevin Kevin Durant ^ </Td> <Td> SF / SG </Td> <Td> Seattle SuperSonics / Oklahoma City Thunder ( 2007 -- 2016 ) Golden State Warriors ( 2016 -- present ) </Td> <Td> 20,815 </Td> <Td> 767 </Td> <Td> 27.1 </Td> <Td> 7,058 </Td> <Td> 1,425 </Td> <Td> 5,274 </Td> </Tr> <Tr> <Td> 38 </Td> <Td> Robinson , David David Robinson * </Td> <Td> </Td> <Td> San Antonio Spurs ( 1989 -- 2003 ) </Td> <Td> 20,790 </Td> <Td> 987 </Td> <Td> 21.1 </Td> <Td> 7,365 </Td> <Td> 25 </Td> <Td> 6,035 </Td> </Tr> <Tr> <Td> 39 </Td> <Td> Gasol , Pau Pau Gasol ^ </Td> <Td> C / PF </Td> <Td> Memphis Grizzlies ( 2001 -- 2008 ) Los Angeles Lakers ( 2008 -- 2014 ) Chicago Bulls ( 2014 -- 2016 ) San Antonio Spurs ( 2016 -- present ) </Td> <Td> 20,759 </Td> <Td> 1,193 </Td> <Td> 17.4 </Td> <Td> 7,932 </Td> <Td> 172 </Td> <Td> 4,723 </Td> </Tr> <Tr> <Td> 40 </Td> <Td> Gervin , George George Gervin * </Td> <Td> SG / SF </Td> <Td> San Antonio Spurs ( 1976 -- 1985 ) Chicago Bulls ( 1985 -- 1986 ) </Td> <Td> 20,708 </Td> <Td> 791 </Td> <Td> 26.2 </Td> <Td> 8,045 </Td> <Td> 77 </Td> <Td> 4,541 </Td> </Tr> <Tr> <Td> 41 </Td> <Td> Richmond , Mitch Mitch Richmond * </Td> <Td> SG </Td> <Td> Golden State Warriors ( 1988 -- 1991 ) Sacramento Kings ( 1991 -- 1998 ) Washington Wizards ( 1999 -- 2001 ) Los Angeles Lakers ( 2001 -- 2002 ) </Td> <Td> 20,497 </Td> <Td> 976 </Td> <Td> 21.0 </Td> <Td> 7,305 </Td> <Td> 1,326 </Td> <Td> 4,561 </Td> </Tr> <Tr> <Td> 42 </Td> <Td> Johnson , Joe Joe Johnson ^ </Td> <Td> SG / SF </Td> <Td> Boston Celtics ( 2001 -- 2002 ) Phoenix Suns ( 2002 -- 2005 ) Atlanta Hawks ( 2005 -- 2012 ) Brooklyn Nets ( 2012 -- 2016 ) Miami Heat ( 2016 ) Utah Jazz ( 2016 -- 2018 ) Houston Rockets ( 2018 -- present ) </Td> <Td> 20,386 </Td> <Td> 1,272 </Td> <Td> 16.0 </Td> <Td> 7,815 </Td> <Td> 1,976 </Td> <Td> 2,780 </Td> </Tr> <Tr> <Td> 43 </Td> <Td> Chambers , Tom Tom Chambers </Td> <Td> PF </Td> <Td> San Diego Clippers ( 1981 -- 1983 ) Seattle SuperSonics ( 1983 -- 1988 ) Phoenix Suns ( 1988 -- 1993 ) Utah Jazz ( 1993 -- 1995 ) Charlotte Hornets ( 1997 ) Philadelphia 76ers ( 1997 ) </Td> <Td> 20,049 </Td> <Td> 1,107 </Td> <Td> 18.1 </Td> <Td> 7,378 </Td> <Td> 227 </Td> <Td> 5,066 </Td> </Tr> <Tr> <Td> 44 </Td> <Td> Jamison , Antawn Antawn Jamison </Td> <Td> PF / SF </Td> <Td> Golden State Warriors ( 1999 -- 2003 ) Dallas Mavericks ( 2003 -- 2004 ) Washington Wizards ( 2004 -- 2010 ) Cleveland Cavaliers ( 2010 -- 2012 ) Los Angeles Lakers ( 2012 -- 2013 ) Los Angeles Clippers ( 2013 -- 2014 ) </Td> <Td> 20,042 </Td> <Td> 1,083 </Td> <Td> 18.5 </Td> <Td> 7,679 </Td> <Td> 1,163 </Td> <Td> 3,521 </Td> </Tr> <Tr> <Td> 45 </Td> <Td> Stockton , John John Stockton * </Td> <Td> PG </Td> <Td> Utah Jazz ( 1984 -- 2003 ) </Td> <Td> 19,711 </Td> <Td> 1,504 </Td> <Td> 13.1 </Td> <Td> 7,039 </Td> <Td> 845 </Td> <Td> 4,788 </Td> </Tr> <Tr> <Td> 46 </Td> <Td> King , Bernard Bernard King * </Td> <Td> SF </Td> <Td> New Jersey Nets ( 1977 -- 1979 , 1993 ) Utah Jazz ( 1979 ) Golden State Warriors ( 1980 -- 1982 ) New York Knicks ( 1982 -- 1985 , 1987 ) Washington Bullets ( 1987 -- 1991 ) </Td> <Td> 19,655 </Td> <Td> 874 </Td> <Td> 22.5 </Td> <Td> 7,830 </Td> <Td> 23 </Td> <Td> 3,972 </Td> </Tr> <Tr> <Td> 47 </Td> <Td> Robinson , Clifford Clifford Robinson </Td> <Td> PF / SF </Td> <Td> Portland Trail Blazers ( 1989 -- 1997 ) Phoenix Suns ( 1997 -- 2001 ) Detroit Pistons ( 2001 -- 2003 ) Golden State Warriors ( 2003 -- 2005 ) New Jersey Nets ( 2005 -- 2007 ) </Td> <Td> 19,591 </Td> <Td> 1,380 </Td> <Td> 14.2 </Td> <Td> 7,389 </Td> <Td> 1,253 </Td> <Td> 3,560 </Td> </Tr> <Tr> <Td> 48 </Td> <Td> Davis , Walter Walter Davis </Td> <Td> SG / SF </Td> <Td> Phoenix Suns ( 1977 -- 1988 ) Denver Nuggets ( 1988 -- 1991 , 1991 -- 1992 ) Portland Trail Blazers ( 1991 ) </Td> <Td> 19,521 </Td> <Td> 1,033 </Td> <Td> 18.9 </Td> <Td> 8,118 </Td> <Td> 157 </Td> <Td> 3,128 </Td> </Tr> <Tr> <Td> 49 </Td> <Td> Cummings , Terry Terry Cummings </Td> <Td> PF </Td> <Td> San Diego Clippers ( 1982 -- 1984 ) Milwaukee Bucks ( 1984 -- 1989 , 1995 -- 1996 ) San Antonio Spurs ( 1989 -- 1995 ) Seattle SuperSonics ( 1996 -- 1997 ) Philadelphia 76ers ( 1997 -- 1998 ) New York Knicks ( 1998 ) Golden State Warriors ( 1999 -- 2000 ) </Td> <Td> 19,460 </Td> <Td> 1,183 </Td> <Td> 16.4 </Td> <Td> 8,045 </Td> <Td> 44 </Td> <Td> 3,326 </Td> </Tr> <Tr> <Td> 50 </Td> <Td> Lanier , Bob Bob Lanier * </Td> <Td> </Td> <Td> Detroit Pistons ( 1970 -- 1980 ) Milwaukee Bucks ( 1980 -- 1984 ) </Td> <Td> 19,248 </Td> <Td> 959 </Td> <Td> 20.1 </Td> <Td> 7,761 </Td> <Td> </Td> <Td> 3,724 </Td> </Tr> </Table>",Kareem Abdul - Jabbar
when was all that is gold does not glitter written,,
what is the musical term for fast tempo,,
is there an active volcano in new zealand,,
once upon a time season 6 episode list,"<Table> <Tr> <Th> No . overall </Th> <Th> No. in season </Th> <Th> Title </Th> <Th> Directed by </Th> <Th> Written by </Th> <Th> Original air date </Th> <Th> US viewers ( millions ) </Th> </Tr> <Tr> <Th> 112 </Th> <Td> </Td> <Td> `` The Savior '' </Td> <Td> Eagle Egilsson </Td> <Td> Edward Kitsis & Adam Horowitz </Td> <Td> September 25 , 2016 ( 2016 - 09 - 25 ) </Td> <Td> 3.99 </Td> </Tr> <Tr> <Td_colspan=""7""> In the past , Aladdin , a `` Savior '' , is taunted by Jafar over the inevitable downfall of all Saviors . In Storybrooke , refugees arrive from the Land of Untold Stories . Emma experiences tremors and visions ; an arrested Hyde helps her receive an oracle 's vision of a hooded figure killing her . Guided by Morpheus , Gold enters Belle 's dreams to lift the sleeping curse ; he tries to renew their love , but she rejects him . `` Morpheus '' reveals he is really their unborn son , and desired this outcome . Belle wakes and leaves Gold . Henry convinces Regina that Hades may have lied about Robin Hood 's soul having been destroyed . Zelena moves in with Regina but , after learning her sister blames her for Robin Hood 's death , moves out and is approached by the Evil Queen . </Td> </Tr> <Tr> <Th> 113 </Th> <Td> </Td> <Td> `` A Bitter Draught '' </Td> <Td> Ron Underwood </Td> <Td> Andrew Chambliss & Dana Horgan </Td> <Td> October 2 , 2016 ( 2016 - 10 - 02 ) </Td> <Td> 3.72 </Td> </Tr> <Tr> <Td_colspan=""7""> In the past in the Enchanted Forest , the Evil Queen offers to aid the revenge plot of Edmond Dantes , The Count of Monte Cristo , if he kills Snow and David . When he falls in love with Snow 's handmaiden , he reneges and flees with her to the Land of Untold Stories to save her from poison . In Storybrooke , the Evil Queen recruits Zelena and uses Edmond 's heart to set him against Snow and David ; Regina kills Edmond to save the others , and realizes she retains the capacity for darkness . The Evil Queen declares that the undesirable `` untold stories '' will be played out . She gives David evidence that his father 's death was not accidental . Belle lives on Hook 's ship ; in a deal with Gold , the Evil Queen will not harm her or the baby . Emma tells Archie about her visions and notes that Regina is n't present in them and could be the hooded figure . </Td> </Tr> <Tr> <Th> 114 </Th> <Td> </Td> <Td> `` The Other Shoe '' </Td> <Td> Steve Pearlman </Td> <Td> Jane Espenson & Jerome Schwartz </Td> <Td> October 9 , 2016 ( 2016 - 10 - 09 ) </Td> <Td> 4.11 </Td> </Tr> <Tr> <Td_colspan=""7""> In the past in the Enchanted Forest , Cinderella meets Prince Thomas at the ball , but flees when she believes he loves her stepsister Clorinda ; Clorinda actually plans to elope with Thomas ' footman , Jacob , but her mother , Lady Tremaine , abducts her to the Land of Untold Stories after forcing Cinderella to betray Clorinda 's location . In Storybrooke , Ashley hopes to reconcile with Clorinda . Aided by the Evil Queen , Tremaine lures Ashley into a trap for her and Jacob . Ashley protects Jacob ; Clorinda reunites with him and forgives Cinderella , while Tremaine is arrested . Emma struggles to control her magic . Whale helps Jekyll recreate his serum , while the Evil Queen and Hyde form an alliance and she releases him . Snow White wants normality , but David secretly investigates his father 's death ; Gold provides information in exchange for David delivering a message to Belle . </Td> </Tr> <Tr> <Th> 115 </Th> <Td> </Td> <Td> `` Strange Case '' </Td> <Td> Alrick Riley </Td> <Td> David H. Goodman & Nelson Soler </Td> <Td> October 16 , 2016 ( 2016 - 10 - 16 ) </Td> <Td> 3.53 </Td> </Tr> <Tr> <Td_colspan=""7""> In the past in Victorian England , Jekyll petitions the Academy of Science for membership but Dr. Lydgate rejects him . Rumplestiltskin arrives and magically perfects Jekyll 's serum ; Jekyll transforms into Hyde , who blackmails Lydgate for Jekyll 's membership . Mary is Lydgate 's daughter and Jekyll 's unrequited love ; she and Hyde fall in love . Jekyll accidentally fatally defenestrates Mary ; he frames Hyde . In Storybrooke , Gold imprisons Belle on the ship to protect her from Hyde ; but it is Jekyll who tries to kill Belle in revenge for Rumplestiltskin 's role in Mary 's death . Hook saves Belle by killing Jekyll , and Hyde dies of identical wounds ; Regina asks Emma to kill her if necessary to stop the Evil Queen . Gold warns Belle that their child will need his protection . Mary Margaret resumes teaching , and her assistant Shirin inspires her to draw on her life as Snow . Shirin is secretly Princess Jasmine , working with the Oracle to search for Aladdin . </Td> </Tr> <Tr> <Th> 116 </Th> <Td> 5 </Td> <Td> `` Street Rats '' </Td> <Td> Norman Buckley </Td> <Td> Edward Kitsis & Adam Horowitz </Td> <Td> October 23 , 2016 ( 2016 - 10 - 23 ) </Td> <Td> 3.40 </Td> </Tr> <Tr> <Td_colspan=""7""> In the past in Agrabah , Aladdin seeks a magical weapon for Jasmine , to save the kingdom from Jafar ; he is the weapon and a Savior . Jafar tempts Aladdin with magical shears that can sever him from his fate as the Savior and from his resulting death . Aladdin rejects Jafar and saves Jasmine . In Storybrooke , the Oracle is murdered . Emma helps Jasmine , hoping Aladdin 's survival ensures her own . Having faked his death , Aladdin reveals himself to Emma and confesses that he doomed Agrabah by using the shears , which he gives to her ; she asks Hook to dispose of them , but he secretly keeps them . The Evil Queen impersonates Archie to learn of Emma 's visions , and convinces Zelena to turn Archie back into a cricket . </Td> </Tr> <Tr> <Th> 117 </Th> <Td> 6 </Td> <Td> `` Dark Waters '' </Td> <Td> Robert Duncan </Td> <Td> Andrew Chambliss & Brigitte Hales </Td> <Td> October 30 , 2016 ( 2016 - 10 - 30 ) </Td> <Td> 3.06 </Td> </Tr> <Tr> <Td_colspan=""7""> During the Dark Curse , Captain Nemo abducts Hook and invites him to join the crew `` family '' of his submarine , Nautilus , in their quest for the `` Mysterious Island '' , which is the Land of Untold Stories . Hook discovers the first mate is his half - brother , Liam , and decides to leave to avoid confrontation ; but Liam attacks him , instead mortally wounding Nemo , who steps in . In the present , Archie is freed . Henry confronts Hook over lying about the shears , and Liam imprisons them on Nautilus . Hook opens up and Henry accepts him as family ; they save each other and dispose of the shears . Modern medicine saves Nemo ; he , Liam , and Hook make amends . Emma and Aladdin discuss being a Savior . Jasmine reveals that Agrabah vanished . Snow supports Belle at her ultrasound . The Evil Queen seduces Gold and offers the retrieved shears in exchange for help taking Snow 's heart . </Td> </Tr> <Tr> <Th> 118 </Th> <Td> 7 </Td> <Td> `` Heartless '' </Td> <Td> Ralph Hemecker </Td> <Td> Jane Espenson </Td> <Td> November 6 , 2016 ( 2016 - 11 - 06 ) </Td> <Td> 3.56 </Td> </Tr> <Tr> <Td_colspan=""7""> In the past , fugitive Snow and shepherd David separately travel to Longbourn ; she to flee the kingdom and he to sell his struggling farm . Without ever seeing each other 's faces , David saves Snow from a bounty hunter and she repays him with money to save the farm , deciding not to flee . Their hands touch and a magical sapling is created . In the present , the Evil Queen threatens to destroy Storybrooke with River of Lost Souls water unless Mary Margaret and David hand over their hearts . They learn the sapling could stop the Queen , who destroys it just after they find it . But it has shown them their previous meeting , and they conclude that their love can endure anything ; they surrender themselves . The Queen casts a sleeping curse on their hearts ; because they share Snow 's heart , the curse affects them both ; each can wake the other but immediately succumbs to the curse , so they can never be awake together . Regina uses Gold 's relationship with the Queen to separate the latter from Zelena , who earns Gold 's enmity by exposing his schemes to Belle . </Td> </Tr> <Tr> <Th> 119 </Th> <Td> 8 </Td> <Td> `` I 'll Be Your Mirror '' </Td> <Td> Jennifer Lynch </Td> <Td> Jerome Schwartz & Leah Fong </Td> <Td> November 13 , 2016 ( 2016 - 11 - 13 ) </Td> <Td> 3.40 </Td> </Tr> <Tr> <Td_colspan=""7""> Regina and Emma try to magically trap the Evil Queen in the World Behind the Mirror , but she traps them there , where the Dragon is already imprisoned . Henry prepares for a date with Violet ; the Queen impersonates Regina and tries to manipulate him but he recognizes her . Emma and Regina discover Sidney was building a mirror portal out of the world and try and finish it , but the Evil Queen forces the Dragon to attack Emma and Regina , using his heart , and tries to make Henry kill the Dragon with the Hammer of Hephaestus ; he instead uses it to free his mothers . Mary Margaret and David adjust to living in shifts . Belle asks Zelena to help her escape Storybrooke via magical portal , and they form an alliance with Aladdin and Jasmine . Aladdin steals the Genie 's lamp and the Sorcerer 's wand from Gold 's shop , but Gold takes the wand back from Zelena and puts a magical tracking device on Belle . He asks the Queen to kill Zelena , as the connection between his and Zelena 's hearts protects her from him . </Td> </Tr> <Tr> <Th> 120 </Th> <Td> 9 </Td> <Td> `` Changelings '' </Td> <Td> Mairzee Almas </Td> <Td> David H. Goodman & Brian Ridings </Td> <Td> November 27 , 2016 ( 2016 - 11 - 27 ) </Td> <Td> 3.28 </Td> </Tr> <Tr> <Td_colspan=""7""> In the Enchanted Forest , while served by Belle , Rumplestiltskin abducts a baby to use as bait for the Black Fairy , the mother who abandoned him ; she escapes without answering his questions . In the present , Belle receives advice from her unborn child while Gold becomes increasingly unhinged . Resenting Gold 's order to attack Zelena , the Evil Queen accelerates Belle 's pregnancy ; Mother Superior delivers Belle 's son , Gideon , and sends him into hiding ; Gold vows to find him . As the Genie has been freed , Aladdin takes his place . Zelena and Regina continue to feud . Emma obtains the sword from her vision . </Td> </Tr> <Tr> <Th> 121 </Th> <Td> 10 </Td> <Td> `` Wish You Were Here '' </Td> <Td> Ron Underwood </Td> <Td> Edward Kitsis & Adam Horowitz </Td> <Td> December 4 , 2016 ( 2016 - 12 - 04 ) </Td> <Td> 3.27 </Td> </Tr> <Tr> <Td_colspan=""7""> The Black Fairy abducts Gideon . Emma discovers the sword can kill the Evil Queen without hurting Regina . The Queen steals the lamp and wishes Emma to an alternate reality where she was never the Savior ; Regina follows her . David and his allies take the lamp from the Queen , who is turned into a serpent by the hooded figure , revealed to be the adult Gideon . Jasmine wishes herself and Aladdin to Agrabah . In the `` wish realm '' , Emma lives as a princess until Regina traumatically restores her memory . Regina frees Rumplestiltskin in exchange for a magic bean , but the portal to Storybrooke closes while Regina is distracted by the appearance of Robin Hood . </Td> </Tr> <Tr> <Th> 122 </Th> <Td> 11 </Td> <Td> `` Tougher Than the Rest '' </Td> <Td> Billy Gierhart </Td> <Td> Edward Kitsis & Adam Horowitz </Td> <Td> March 5 , 2017 ( 2017 - 03 - 05 ) </Td> <Td> 3.03 </Td> </Tr> <Tr> <Td_colspan=""7""> In 1990 Minnesota , a young Emma is told by a teenager that she has the power to change her fate . In present day , after they miss their way out of the Wish realm , Emma and Regina find another option for escape when they come across August , who agrees to help create a new portal . Regina goes to find Robin Hood to see if he would 've been better off without her . After Regina finds Robin , they 're caught by the Sheriff of Nottingham and later by the Wish realm Rumple . Robin believes Regina when she tells him about their being in an alternate reality . Emma discovers that August was the teenager she met back in Minnesota and inspires him to complete the portal . Emma , Regina , and Robin return to Storybrooke , where Gideon explains to Gold and Belle his intention to kill Emma so that he can acquire her savior powers and kill the Black Fairy , a move that has David furious and Belle concerned . Emma and Gideon finally meet for the battle , but Emma survives , choosing her own fate . Gideon retreats , proclaiming this far from over . Gold and Belle decide to work together for the good of their son . </Td> </Tr> <Tr> <Th> 123 </Th> <Td> 12 </Td> <Td> `` Murder Most Foul '' </Td> <Td> Morgan Beggs </Td> <Td> Jerome Schwartz & Jane Espenson </Td> <Td> March 12 , 2017 ( 2017 - 03 - 12 ) </Td> <Td> 3.06 </Td> </Tr> <Tr> <Td_colspan=""7""> The events of how Robert , the father of David and James , was murdered are detailed in a flashback , in which Robert learns what happened to James after he ran away from King George . With help from Rumple , he tracks him to Pleasure Island , but their reunion is cut short by King George , who orders Robert 's execution . His death affects David in the present day after he sees visions of Robert and asks Hook to help him , despite his being reformed . When Hook becomes concerned that David is taking this investigation too far by going after Albert , he intervenes and brings David back to sanity . Hook is also worried about whether David will give him his blessing to marry Emma , but David does . Meanwhile , Regina tries to get the Wish Realm Robin assimilated into Storybrooke , but soon questions why he agreed to follow her , as it turns out that he had something else planned after he steals a chest from the vault . The truth as to who really murdered Robert is revealed when August gives Hook missing pages he took from Henry 's book . When Hook sees an illustration of David 's dad , he recognizes him and recalls murdering him during a robbery in the Enchanted Forest so that there was no witness to his crime . </Td> </Tr> <Tr> <Th> 124 </Th> <Td> 13 </Td> <Td> `` Ill - Boding Patterns '' </Td> <Td> Ron Underwood </Td> <Td> Andrew Chambliss & Dana Horgan </Td> <Td> March 19 , 2017 ( 2017 - 03 - 19 ) </Td> <Td> 2.71 </Td> </Tr> <Tr> <Td_colspan=""7""> During the First Ogres War , Beowulf leads a fearsome charge on the battlefield in the Enchanted Forest of old . After every last soldier had been slain , Beowulf surrenders to death just as Rumplestiltskin intervenes , killing all the ogres . Hailed as a hero in the village , Beowulf is irked by Rumple 's new title . He creates a ruse to lead Rumple to his demise . Fearing he would not be able to follow through on protecting the villagers without Dark Magic , Rumple bestows his dagger upon Baelfire as an insurance policy . Following a turbulent exchange and threat to frame Rumplestiltskin as a murderer , Beowulf retreats . Feeling the pressure of his threat , Bae commands his father to kill him . Rumple later doses Bae with a memory potion to erase the ordeal from his mind and restore his innocence . In Storybrooke , Rumple recognizes a familiar pattern in Gideon , who makes strides in his quest to kill Emma Swan at the cost of The Blue Fairy 's vitality . Hook worries about the repercussions of telling Emma his newly unveiled secret . Meanwhile , Emma unknowingly forces a proposal after happening upon Hook 's engagement ring . Robin of Locksley attempts to flee the town , but to no avail . The Evil Queen escapes her reptilian confinement and indoctrinates Robin . </Td> </Tr> <Tr> <Th> 125 </Th> <Td> 14 </Td> <Td> `` Page 23 '' </Td> <Td> Kate Woods </Td> <Td> David H. Goodman & Brigitte Hales </Td> <Td> March 26 , 2017 ( 2017 - 03 - 26 ) </Td> <Td> 2.85 </Td> </Tr> <Tr> <Td_colspan=""7""> In the Enchanted Forest , The Evil Queen is in search of a spell that will help her end Snow White for good , but her father has love in mind for his daughter and leads her on a quest to Cupid 's Arrow . However , The Evil Queen rebrands the arrow to follow hatred and discovers that the person she despises the most is herself . In Storybrooke , The Evil Queen and Regina face off in a final confrontation . Just when Regina wins the upper hand , she remembers the Evil Queen 's self - loating and evenly splits the light and the darkness in their hearts , to share their love and hate and allow the Evil Queen to reform . After Emma calls off the engagement , Hook decides to board the Nautilus with Captain Nemo . Hook later changes his mind following a conversation with Snow but , before he can return , Gideon hijacks the vessel and sends it out of Storybrooke . </Td> </Tr> <Tr> <Th> 126 </Th> <Td> 15 </Td> <Td> `` A Wondrous Place '' </Td> <Td> Steve Pearlman </Td> <Td> Jane Espenson & Jerome Schwartz </Td> <Td> April 2 , 2017 ( 2017 - 04 - 02 ) </Td> <Td> 2.80 </Td> </Tr> <Tr> <Td_colspan=""7""> At a loss for hope , Regina suggests a `` girls ' night out '' for Emma with her and Snow . While at the bar , she confides in the mixologist and sheds a tear . Meanwhile , the Nautilus is transported to the Enchanted Forest , where Aladdin and Jasmine board . They have yet to locate Agrabah and are growing weary . After Hook and Jasmine confide in one another , the vessel is irrevocably damaged and Jasmine uses a genie wish to relocate the group to the island where Jafar is located . They discover a cabana belonging to Ariel and Prince Eric . Ariel has collected a genie lamp that houses Jafar . Jasmine is able to sway him into divulging the location of the hidden Agrabah before defeating him with magic dust . Through true love 's kiss , Aladdin and Jasmine , along with Hook and Ariel , are transported to the restored city and Aladdin 's genie curse is broken . Ariel supplies Hook with a means to reach Emma . Emma receives the message and Gideon , no longer masquerading as the mixologist , threatens that he will use her tears to keep Hook from returning to Storybrooke unless she helps him kill the Black Fairy . Flashbacks to Ariel and Jasmine 's first meeting show the princess falter under Jafar 's trickery . </Td> </Tr> <Tr> <Th> 127 </Th> <Td> 16 </Td> <Td> `` Mother 's Little Helper '' </Td> <Td> Billy Gierhart </Td> <Td> Story by : Edward Kitsis & Adam Horowitz Teleplay by : Paul Karp </Td> <Td> April 9 , 2017 ( 2017 - 04 - 09 ) </Td> <Td> 2.60 </Td> </Tr> <Tr> <Td_colspan=""7""> In Storybrooke , Gold reveals to Emma and Snow that the Black Fairy is his mother and that the Dark Curse Regina cast was created by the Black Fairy . Emma agrees to help Gideon kill the Black Fairy , but is double - crossed by Gideon and left to die at the hands of a giant spider . Gideon opens a portal with the sword , allowing the Black Fairy to slip through into Storybrooke . Meanwhile in the Enchanted Forest , Hook wagers the Jolly Roger for a magic bean in a game of cards with Blackbeard . As Blackbeard and Hook go through the portal , it malfunctions thanks to Gideon and the duo ends up in Neverland , on the run from the remnants of Peter Pan 's Lost Boys . Back in Storybrooke , Henry experiences a disorienting shift in his Author powers , so he and Regina seek help from the only person who can aid them : the previous Author , Isaac . Isaac reveals to Regina and Henry that they are nearing the end of the story in which the savior must fight the Final Battle . Flashbacks reveal the abuses the Black Fairy inflicted on Gideon and that the Black Fairy ripped out Gideon 's heart and is controlling him to kill Emma . </Td> </Tr> <Tr> <Th> 128 </Th> <Td> 17 </Td> <Td> `` Awake '' </Td> <Td> Sharat Raju </Td> <Td> Andrew Chambliss & Leah Fong </Td> <Td> April 16 , 2017 ( 2017 - 04 - 16 ) </Td> <Td> 2.51 </Td> </Tr> <Tr> <Td_colspan=""7""> Regina works feverishly to wake Snow and Charming from the Sleeping Curse . Gold comes face to face with the Black Fairy , the powerful enemy Emma must fight in the Final Battle . Hook , still in Neverland , meets up with Tiger Lily , who gives him a piece of an ancient fairy wand to aid Emma in defeating the Black Fairy . Gold confronts the Black Fairy over her manipulating Gideon with his heart and she maintains that Storybrooke would be destroyed if the two of them fought . A pixie flower allows Emma to open a doorway to Neverland and rescue Hook , who then re-proposes properly . The townsfolk gather around Emma 's sleeping parents and each take small amounts of the Sleeping Curse unto themselves , diluting it and allowing Snow and David to finally reunite . In 1993 , a pixie flower awakens Snow and Charming from their cursed selves , but an awakened Rumplestiltskin tells them they must make a difficult decision to ensure that Emma fulfills her destiny as the Savior . </Td> </Tr> <Tr> <Th> 129 </Th> <Td> 18 </Td> <Td> `` Where Bluebirds Fly '' </Td> <Td> Michael Schultz </Td> <Td> David H. Goodman & Brigitte Hales </Td> <Td> April 23 , 2017 ( 2017 - 04 - 23 ) </Td> <Td> 2.69 </Td> </Tr> <Tr> <Td_colspan=""7""> In Zelena 's past , her childhood friend Stanum asks for her help in finding the Crimson Heart , a magical artifact that would be able to restore his human form after having been cursed by the Wicked Witch of the North to slowly turn into tin . Zelena 's refusal to give up her magic leads to her betraying Stanum , as she keeps the Heart and leaves him to become the Tin Man . In the Present , The Black Fairy tempts Zelena with an offer to join her , only to have Zelena oppose her instead . Regina is brought into the chaos by trying to stop her sister and they find the Black Fairy and Gideon in the crystal mines , with the Black Fairy tricking Zelena into utilizing her unstable Dark Magic to strengthen her for the Final Battle . Realizing that there is nothing left for her back in Oz , Zelena decides to help the residents fight back against the Black Fairy by using the Crimson Heart to give up her magic , thereby undoing the mess she made in the mines . Emma then uses her magic and one of the crystals to bring Mother Superior out of her coma with some help from Regina and Zelena . </Td> </Tr> <Tr> <Th> 130 </Th> <Td> 19 </Td> <Td> `` The Black Fairy '' </Td> <Td> Alrick Riley </Td> <Td> Jerome Schwartz & Dana Horgan </Td> <Td> April 30 , 2017 ( 2017 - 04 - 30 ) </Td> <Td> 3.05 </Td> </Tr> <Tr> <Td_colspan=""7""> The origin of Rumplestiltskin 's true destiny is revealed , as his mother Fiona learns from the Blue Fairy and Tiger Lily that he was destined to become The Savior . When Fiona fears for her son and chooses power over protecting Rumple , it results in her becoming the Black Fairy , and the Blue Fairy banishing her to the Dark Realm . In the Present , as everyone looks for the missing wand , Gold brings Gideon and Emma into the Dream World to search for Gideon 's heart , where the events of the flashbacks unfold . Gold then confronts Fiona , but she reveals the real reason behind why he was abandoned . Gold later retrieves Gideon 's heart and tells everyone that the Black Fairy is dead , paving the way for Emma and Hook 's wedding . However , Gold and Fiona make a deal that will see the Final Battle go forward , with Emma being the Savior that will fight in it . Meanwhile , Regina helps Zelena adjust to life without her powers . </Td> </Tr> <Tr> <Th> 131 </Th> <Td> 20 </Td> <Td> `` The Song in Your Heart '' </Td> <Td> Ron Underwood </Td> <Td> David H. Goodman & Andrew Chambliss </Td> <Td> May 7 , 2017 ( 2017 - 05 - 07 ) </Td> <Td> 2.87 </Td> </Tr> <Tr> <Td_colspan=""7""> In the past , Snow makes a wish that grants the entire Enchanted Forest the ability to use the gift of song as a strength , which also spreads to Oz as well . When Regina becomes affected by the wish , she finds a way to end it before the first curse takes place , but the Blue Fairy , who granted Snow the wish , tells Snow and David that the wish will be part of Emma 's destiny . In Emma 's past , her chance to make use of her talent is held back by being told she 'll be alone . This would come back to taunt Emma in the present day , as Fiona returns to use that weakness to take Emma 's heart before unleashing a new curse on her wedding day , with help from Gold by freezing her family . When Henry discovers the page in the book that reveals the song in Emma 's heart will make her stronger , not only does it embolden Emma , it stops Fiona from crushing her heart , but Fiona still tells Emma that the battle will continue . On their wedding day , Emma and Hook finally marry , just in time for the dark clouds of the Black Fairy 's curse to erupt from the clock tower and engulf them at 6 : 00 PM , setting up the final battle . </Td> </Tr> <Tr> <Th> 132 133 </Th> <Td> 21 22 </Td> <Td> `` The Final Battle '' </Td> <Td> Steve Pearlman Ralph Hemecker </Td> <Td> Edward Kitsis & Adam Horowitz </Td> <Td> May 14 , 2017 ( 2017 - 05 - 14 ) </Td> <Td> 2.95 </Td> </Tr> <Tr> <Td_colspan=""7""> Fiona 's curse alters Storybrooke , institutionalizing Emma and leaving only Henry and Gold `` awake , '' while sending Emma 's other allies to their home realms . The Final Battle begins over Emma 's belief ; if she stops believing in the realms of story , they will be consumed by the Darkness and cease to exist . If all the realms are destroyed , Fiona would gain unchecked powers and be able to break the Laws of Magic at will . In the Enchanted Forest , the banished characters gather at Regina 's castle ; David and Hook obtain a magic bean and the Evil Queen sacrifices herself , holding off the Darkness to delay the group 's destruction . Fiona convinces Emma to destroy the book , but Henry hand - draws one that restores her belief in time to save everyone in the castle . Gold kills Fiona , who had hidden Belle and turned her into a coward ; this breaks the Curse , which restores everyone 's memories and reunites them in Storybrooke . However , Gideon is still under orders to kill Emma . Gold attempts to free Gideon 's heart ; however , a spell cast by the Black Fairy prevents him from doing so . Emma lays down her sword , allowing Gideon to impale her ; this releases Emma 's light magic and ends the battle . With both Gold and Emma having chosen good , Gideon is returned to infancy and the realms are restored , and those who died in the crisis are revived . The characters embark on their `` happy beginnings . '' Many years later in the New Enchanted Forest , an adult Henry vanishes while defending his daughter Lucy from an unidentified entity . Guided by Tiger Lily , Lucy travels to Seattle , where Henry no longer remembers her . </Td> </Tr> </Table>",
where is a georgia concealed carry permit valid,"<P> Georgia reciprocates in recognizing firearms licenses with the following states : Alabama , Alaska , Arizona , Arkansas , Colorado , Florida , Idaho , Indiana , Iowa , Kansas , Kentucky , Louisiana , Maine , Michigan , Mississippi , Missouri , Montana , New Hampshire , North Carolina , North Dakota , Ohio , Oklahoma , Pennsylvania , South Carolina , South Dakota , Tennessee , Texas , Utah , Virginia , West Virginia , Wisconsin , and Wyoming . </P>",
when does a tv show go into syndication,,
who was eliminated from big brother this week,,
when did the new maze runner movie come out,"<P> Maze Runner : The Death Cure was originally set to be released on February 17 , 2017 , in the United States by 20th Century Fox , but the studio rescheduled the film 's release for January 26 , 2018 in theatres and IMAX , allowing time for O'Brien to recover from injuries he sustained during filming . The film received mixed reviews from critics and has grossed over $272 million worldwide . </P>","January 26 , 2018"
where does the san andres fault start and end,,
who is the former co-chairman goldman sachs who became a u.s. secretary of the treasury,,
how many players on a box lacrosse team,"<P> During play , a team consists of six players : a goaltender and five `` runners '' . A runner is any non-goalkeeper position player , including forwards , transition players , and defenders . Runners usually specialize in one of these roles and substitute off the field when the ball moves from one end to the other . When the sport originated teams played with six runners . However , in 1953 the sixth runner , a position called rover , was eliminated . The goalkeeper can be replaced by another runner , often when a delayed penalty has been called on the other team or at the end of games by teams that are behind to help score goals . </P>",six
where are the upcoming olympics to be held,"<P> This is a list of host cities of the Olympic Games , both summer and winter , since the modern Olympics began in 1896 . Since then , summer games have usually -- but not always -- celebrated a four - year period known as an Olympiad . There have been 28 Summer Olympic Games held in 24 cities , and 23 Winter Olympic Games held in 20 cities . In addition , three summer and two winter editions of the Games were scheduled to take place but later cancelled due to war : Berlin ( summer ) in 1916 ; Tokyo / Helsinki ( summer ) and Sapporo / Garmisch - Partenkirchen ( winter ) in 1940 ; and London ( summer ) and Cortina d'Ampezzo , Italy ( winter ) in 1944 . The 1906 Summer Olympics were officially sanctioned and held in Athens . However , in 1949 , the International Olympic Committee ( IOC ) , decided to unrecognize the 1906 Games . Four cities have been chosen by the IOC to host upcoming Olympic Games : Tokyo for the 2020 Summer Olympics , Beijing for the 2022 Winter Olympics , Paris for the 2024 Summer Olympics , and Los Angeles for the 2028 Summer Olympics . </P>","Tokyo for the 2020 Summer Olympics, Beijing for the 2022 Winter Olympics, Paris for the 2024 Summer Olympics, Los Angeles for the 2028 Summer Olympics"
when did the nba 3 second rule start,"<P> The three - second rule was introduced in 1936 and was expressed as such : no offensive player with the ball could remain in the Key with or without the ball , for more than three seconds . </P>",1936
when were the plus and minus signs first recorded,"<P> In Europe in the early 15th century the letters `` P '' and `` M '' were generally used . The symbols ( P with line p̄ for più , i.e. , plus , and M with line m̄ for meno , i.e. , minus ) appeared for the first time in Luca Pacioli 's mathematics compendium , Summa de arithmetica , geometria , proportioni et proportionalità , first printed and published in Venice in 1494 . The + is a simplification of the Latin `` et '' ( comparable to the ampersand & ) . The − may be derived from a tilde written over m when used to indicate subtraction ; or it may come from a shorthand version of the letter m itself . In his 1489 treatise Johannes Widmann referred to the symbols − and + as minus and mer ( Modern German mehr ; `` more '' ) : `` was − ist , das ist minus , und das + ist das mer '' . They were n't used for addition and subtraction here , but to indicate surplus and deficit ; their first use in their modern sense appears in a book by Henricus Grammateus in 1518 . </P>",
where does the phrase bob's your uncle come from,"<P> ... And Bob 's your uncle is an expression of unknown origin , that means `` and there it is '' or `` and there you have it . '' It is commonly used in Great Britain and Commonwealth countries . Typically , someone says it to conclude a set of simple instructions or when a result is reached . The meaning is similar to that of the French expression `` et voilà ! '' </P>",
the one where chandler and monica get engaged,"<P> After searching all day , Chandler hurries back to his apartment and when he gets there , Joey meets him in the hall , claiming Monica has left him because of his commitment issues . When Chandler enters their apartment , afraid of Monica actually leaving , he discovers that it 's far from being abandoned , there are candles lit all over and Monica is kneeling to propose . In the midst of proposing to Chandler , she cries from sheer emotion , saying , `` There 's a reason why girls do n't do this ! '' Instead , Chandler gets on his knees and proposes to her and Monica says yes . They then open the door to Joey , Rachel , and Phoebe , who have been waiting to celebrate . At first , they hesitate , feeling Ross should be there to share the moment , then decide that after three marriages , Ross can afford to miss one engagement celebration . End credits play while Monica and Chandler dance to Eric Clapton 's `` Wonderful Tonight . '' </P>",
who won so you think you can dance 2016,"<Table> <Tr> <Th_colspan=""2""> So You Think You Can Dance : The Next Generation </Th> </Tr> <Tr> <Th_colspan=""2""> Season 13 </Th> </Tr> <Tr> <Th> Broadcast from </Th> <Td> May 30 -- September 12 , 2016 </Td> </Tr> <Tr> <Th> Judges </Th> <Td> Nigel Lythgoe Paula Abdul Jason Derulo Maddie Ziegler </Td> </Tr> <Tr> <Th> Host ( s ) </Th> <Td> Cat Deeley </Td> </Tr> <Tr> <Th> Broadcaster </Th> <Td> Fox </Td> </Tr> <Tr> <Th_colspan=""2""> Winner </Th> </Tr> <Tr> <Td_colspan=""2""> Leon `` Kida '' Burns </Td> </Tr> <Tr> <Th> Genre ( s ) </Th> <Td> Hip - Hop </Td> </Tr> <Tr> <Th_colspan=""2""> </Th> </Tr> <Tr> <Th_colspan=""2""> Runner - up </Th> </Tr> <Tr> <Td_colspan=""2""> J.T. Church </Td> </Tr> <Tr> <Th_colspan=""2""> Chronology </Th> </Tr> <Tr> <Td_colspan=""2""> <Ul> <Li> ◀ </Li> <Li> 2016 </Li> <Li> ▶ </Li> </Ul> </Td> </Tr> </Table>",Leon `` Kida '' Burns
who plays norman bates in the tv show,<Li> Freddie Highmore as Norman Bates </Li>,Freddie Highmore
who said mangal bhawan amangal haari dravahu so dasrath ajir bihari to whom,,
when did usa start driving on the right,"<P> In the late 1700s , traffic in the United States was RHT based on teamsters ' use of large freight wagons pulled by several pairs of horses . The wagons had no driver 's seat , so the ( typically right - handed ) postilion held his whip in his right hand and thus sat on the left rear horse . Seated on the left , the driver preferred that other wagons pass him on the left so that he could be sure to keep clear of the wheels of oncoming wagons . </P>",late 1700s
into the badlands season 1 and 2 recap,,
hitchhiker's guide to the galaxy slartibartfast quotes,,
name some components of the central nervous system (cns),"<P> The central nervous system ( CNS ) is the part of the nervous system consisting of the brain and spinal cord . The central nervous system is so named because it integrates information it receives from , and coordinates and influences the activity of , all parts of the bodies of bilaterally symmetric animals -- that is , all multicellular animals except sponges and radially symmetric animals such as jellyfish -- and it contains the majority of the nervous system . Many consider the retina and the optic nerve ( cranial nerve II ) , as well as the olfactory nerves ( cranial nerve I ) and olfactory epithelium as parts of the CNS , synapsing directly on brain tissue without intermediate ganglia . As such , the olfactory epithelium is the only central nervous tissue in direct contact with the environment , which opens up for therapeutic treatments . The CNS is contained within the dorsal body cavity , with the brain housed in the cranial cavity and the spinal cord in the spinal canal . In vertebrates , the brain is protected by the skull , while the spinal cord is protected by the vertebrae . The brain and spinal cord are both enclosed in the meninges . In central nervous systems , the interneuronal space is filled with a large amount of supporting non-nervous cells called neuroglial cells . </P>","brain, spinal cord"
who's the director of the price is right,"<P> The game show production team of Mark Goodson and Bill Todman was responsible for producing the original as well as the revival versions of the game show . Goodson - Todman staffer Bob Stewart is credited with creating the original version of The Price Is Right . Roger Dobkowitz was the producer from 1984 to 2008 , having worked with the program as a production staffer since the show 's debut after graduating from San Francisco State University . Occasionally , Dobkowitz appeared on - camera when answering a question posed by the host , usually relating to the show 's history or records . When he left the show at the end of season 36 , Variety reported that it was unclear whether he was retiring or was fired , although Carey indicated in a later interview with Esquire that Dobkowitz was fired . As of 2011 , the show uses multiple producers , all long - time staffers . Adam Sandler ( not to be confused with the actor ) is the producer of the show . Stan Blits , who joined the show in 1980 and Sue MacIntyre are the co-producers . Kathy Greco joined the show in 1975 and became producer in 2008 ; she announced her retirement October 8 , 2010 on the show 's website , effective at the end of the December 2010 tapings . Her last episode as producer , which aired January 27 , 2011 , featured a theme in tribute to her . The show 's official website featured a series of videos including an interview with Greco as a tribute to her 35 years in the days leading up to her final episode . Frank Wayne , a Goodson - Todman staffer since the 1950s , was the original executive producer of the CBS version of the show . Barker assumed that role after Wayne 's death in March 1988 , as previously stated . Previous producers have included Jay Wolpert , Barbara Hunter and Phil Wayne Rossi ( Wayne 's son ) . Michael Dimich assumed the director 's chair in June 2011 . Marc Breslow , Paul Alter , Bart Eskander and Rich DiPirro each served long stints previously as director . Former associate directors Andrew Felsher and Fred Witten , as well as technical director Glenn Koch , have directed episodes strictly on a fill - in basis . Sandler began directing episodes in 2012 , and became the official director in 2013 . Aside from Barker , the show 's production staff remained intact after Carey became host . FremantleMedia executive Syd Vinnedge was named the program 's new executive producer , with Richards becoming co-executive producer after Dobkowitz 's departure . Richards was a candidate to replace Barker as host in 2007 , before Carey was ultimately chosen . Richards succeeded Vinnedge as executive producer when the 2009 -- 10 season started , with Tracy Verna Soiseth joining Richards as co-executive producer in 2010 . Vinnedge remains credited as an executive consultant to the show . </P>",Adam Sandler
bridge on the river kwai fact or fiction,"<P> The Bridge on the River Kwai is a 1957 British - American epic war film directed by David Lean and starring William Holden , Jack Hawkins , and Alec Guinness , and featuring Sessue Hayakawa . Based on the novel Le Pont de la Rivière Kwai ( 1952 ) by Pierre Boulle , the film is a work of fiction , but borrows the construction of the Burma Railway in 1942 -- 1943 for its historical setting . The movie was filmed in Ceylon ( now Sri Lanka ) . The bridge in the film was near Kitulgala . </P>",fiction
who sang the song when you say nothing at all,,
what was dennis hopper's bike in easy rider,,
is hong kong a part of the commonwealth,"<P> The transfer of sovereignty over Hong Kong in 1997 ended the colony 's ties to the Commonwealth through the United Kingdom . The government of Hong Kong , as a special administrative region of China , did not pursue membership . Hong Kong has nevertheless continued to participate in some of the organisations of the Commonwealth family , such as the Commonwealth Lawyers Association ( hosted the Commonwealth Lawyers Conference in 1983 and 2009 ) , the Commonwealth Parliamentary Association ( and the Westminster Seminar on Parliamentary Practice and Procedures ) , the Association of Commonwealth Universities and the Commonwealth Association of Legislative Counsel . </P>",
where can pulse be felt in the body,"<P> In medicine , a pulse represents the tactile arterial palpation of the heartbeat by trained fingertips . The pulse may be palpated in any place that allows an artery to be compressed near the surface of the body , such as at the neck ( carotid artery ) , wrist ( radial artery ) , at the groin ( femoral artery ) , behind the knee ( popliteal artery ) , near the ankle joint ( posterior tibial artery ) , and on foot ( dorsalis pedis artery ) . Pulse ( or the count of arterial pulse per minute ) is equivalent to measuring the heart rate . The heart rate can also be measured by listening to the heart beat by auscultation , traditionally using a stethoscope and counting it for a minute . The radial pulse is commonly measured using three fingers . This has a reason : the finger closest to the heart is used to occlude the pulse pressure , the middle finger is used get a crude estimate of the blood pressure , and the finger most distal to the heart ( usually the ring finger ) is used to nullify the effect of the ulnar pulse as the two arteries are connected via the palmar arches ( superficial and deep ) . The study of the pulse is known as sphygmology . </P>",
i was a fugitive from a georgia chain gang,,
where was 10 things i hate about you filmed school,,
who held the most wwe titles at one time,,
why did argentina attack the falklands/malvinas islands,"<P> The Falklands War ( Spanish : Guerra de las Malvinas ) , also known as the Falklands Conflict , Falklands Crisis , Malvinas War , South Atlantic Conflict , and the Guerra del Atlántico Sur ( Spanish for `` South Atlantic War '' ) , was a ten - week war between Argentina and the United Kingdom over two British dependent territories in the South Atlantic : the Falkland Islands , and its territorial dependency , the South Georgia and the South Sandwich Islands . It began on Friday , 2 April 1982 , when Argentina invaded and occupied the Falkland Islands ( and , the following day , South Georgia and the South Sandwich Islands ) in an attempt to establish the sovereignty it had claimed over them . On 5 April , the British government dispatched a naval task force to engage the Argentine Navy and Air Force before making an amphibious assault on the islands . The conflict lasted 74 days and ended with the Argentine surrender on 14 June 1982 , returning the islands to British control . In total , 649 Argentine military personnel , 255 British military personnel , and three Falkland Islanders died during the hostilities . </P>",an attempt to establish the sovereignty it had claimed over them
how long does it take for the moon to go around earth,"<Table> Orbit of the Moon <Tr> <Td> </Td> </Tr> <Tr> <Td> Diagram of the Moon 's orbit with respect to the Earth </Td> </Tr> <Tr> <Td> <Table> <Tr> <Th> Property </Th> <Th> Value </Th> </Tr> <Tr> <Td> Semi-major axis </Td> <Td> 384,748 km ( 239,071 mi ) </Td> </Tr> <Tr> <Td> Mean distance </Td> <Td> 385,000 km ( 239,000 mi ) </Td> </Tr> <Tr> <Td> Inverse sine parallax </Td> <Td> 384,400 km ( 238,900 mi ) </Td> </Tr> <Tr> <Td> Perigee ( i.e. min . distance from Earth ) </Td> <Td> 362,600 km ( 225,300 mi ) ( avg . ) ( 356 400 -- 370 400 km ) </Td> </Tr> <Tr> <Td> Apogee ( i.e. max . distance from Earth ) </Td> <Td> 405,400 km ( 251,900 mi ) ( avg . ) ( 404 000 -- 406 700 km ) </Td> </Tr> <Tr> <Td> Mean eccentricity </Td> <Td> 6998549006000000000 ♠ 0.054 9006 ( 0.026 -- 0.077 ) </Td> </Tr> <Tr> <Td> Mean obliquity </Td> <Td> 6.687 ° </Td> </Tr> <Tr> <Td> Mean inclination </Td> <Td> </Td> </Tr> <Tr> <Td> of orbit to ecliptic </Td> <Td> 5.15 ° ( 4.99 -- 5.30 ) </Td> </Tr> <Tr> <Td> of lunar equator to ecliptic </Td> <Td> 1.543 ° </Td> </Tr> <Tr> <Td> Period of </Td> <Td> </Td> </Tr> <Tr> <Td> orbit around Earth ( sidereal ) </Td> <Td> 27.322 days </Td> </Tr> <Tr> <Td> orbit around Earth ( synodic ) </Td> <Td> 29.530 days </Td> </Tr> <Tr> <Td> precession of nodes </Td> <Td> 18.5996 years </Td> </Tr> <Tr> <Td> precession of line of apsides </Td> <Td> 8.8504 years </Td> </Tr> </Table> </Td> </Tr> </Table>",
where did the name las vegas golden knights come from,,
where does the last name aponte come from,,
two words used together that mean the same thing,,
difference between medium and higher level of occupation,,
who is the prime minister of republic of mauritius,"<Table> <Tr> <Th_colspan=""2""> Prime Minister of Mauritius </Th> </Tr> <Tr> <Td_colspan=""2""> Coat of arms of Mauritius </Td> </Tr> <Tr> <Td_colspan=""2""> Flag of Mauritius </Td> </Tr> <Tr> <Td_colspan=""2""> Incumbent Pravind Jugnauth since 23 January 2017 </Td> </Tr> <Tr> <Th> Style </Th> <Td> The Honourable </Td> </Tr> <Tr> <Th> Residence </Th> <Td> Clarisse House ( Official ) </Td> </Tr> <Tr> <Th> Nominator </Th> <Td> The President who must appoint the MP supporting a clear majority in the National Assembly </Td> </Tr> <Tr> <Th> Appointer </Th> <Td> Ameenah Gurib </Td> </Tr> <Tr> <Th> Term length </Th> <Td> At The President 's Pleasure serving as long as the office holder has a majority in the National Assembly </Td> </Tr> <Tr> <Th> Inaugural holder </Th> <Td> Sir Seewoosagur Ramgoolam </Td> </Tr> <Tr> <Th> Formation </Th> <Td> 12 March 1968 ; 50 years ago ( 1968 - 03 - 12 ) </Td> </Tr> <Tr> <Th> Salary </Th> <Td> Rs 3.66 Million </Td> </Tr> <Tr> <Th> Website </Th> <Td> Prime Minister Office </Td> </Tr> </Table>",Pravind Jugnauth
where does the movie the crucifixion take place,,
what teams are in the fa cup final,"<P> The 2018 FA Cup Final was the final match of the 2017 -- 18 FA Cup and the 137th final of the FA Cup , the world 's oldest football cup competition . It was played at Wembley Stadium in London , England on 19 May 2018 between Manchester United and Chelsea . It was the second successive final for Chelsea following their defeat by Arsenal the previous year . </P>","Manchester United, Chelsea"
where is a midsummer night's dream set,"<P> The play consists of four interconnecting plots , connected by a celebration of the wedding of Duke Theseus of Athens and the Amazon queen , Hippolyta , which is set simultaneously in the woodland and in the realm of Fairyland , under the light of the moon . </P>",in the woodland and in the realm of Fairyland
purpose of valuation determines the method of valuation,,
when does the new series of black sails start,"<P> Black Sails is an American television drama series created by Jon Steinberg and Robert Levine for Starz that debuted on January 25 , 2014 . It is produced by Film Afrika Worldwide and Platinum Dunes . It is written as a prequel to Robert Louis Stevenson 's novel Treasure Island . The series was renewed for a fourth season on July 31 , 2015 , before the third season had premiered . On July 20 , 2016 , Starz announced that the series ' fourth season would be its last ; the season premiered on January 29 , 2017 and concluded on April 2 , 2017 . During the course of the series , 38 episodes of Black Sails aired over four seasons . </P>",
who has scored the most goals in a premier league season,,
god father mobster who was shot in the eye,,
who is the first person who went to moon,"<P> Neil Alden Armstrong ( August 5 , 1930 -- August 25 , 2012 ) was an American astronaut and aeronautical engineer who was the first person to walk on the Moon . He was also a naval aviator , test pilot , and university professor . </P>",Neil Alden Armstrong
where did britain create colonies for its empire,,
when did the first lego movie come out,<Table> <Tr> <Th> Year </Th> <Th> Title </Th> <Th> Production studio ( s ) </Th> <Th> Notes </Th> </Tr> <Tr> <Td> 2014 </Td> <Td> The Lego Movie </Td> <Td> Warner Animation Group </Td> <Td> Released </Td> </Tr> <Tr> <Td> 2017 </Td> <Td> The Lego Batman Movie </Td> <Td> Released </Td> </Tr> <Tr> <Td> The Lego Ninjago Movie </Td> <Td> Released </Td> </Tr> <Tr> <Td> 2019 </Td> <Td> The Lego Movie Sequel </Td> <Td> In development </Td> </Tr> <Tr> <Td> The Billion Brick Race </Td> </Tr> </Table>,The Lego Movie
are pure metals made of atoms or ions,"<P> The atoms of metallic substances are typically arranged in one of three common crystal structures , namely body - centered cubic ( bcc ) , face - centered cubic ( fcc ) , and hexagonal close - packed ( hcp ) . In bcc , each atom is positioned at the center of a cube of eight others . In fcc and hcp , each atom is surrounded by twelve others , but the stacking of the layers differs . Some metals adopt different structures depending on the temperature . </P>",atoms
what episode in victorious is give it up,"<Table> <Tr> <Th> Episode </Th> <Th> Title </Th> <Th> Performed by </Th> <Th> Single </Th> <Th> Season </Th> <Th> Soundtrack </Th> </Tr> <Tr> <Td> `` Pilot '' </Td> <Td> `` Make It Shine '' </Td> <Td> Tori Vega </Td> <Td> Yes </Td> <Td> </Td> <Td> Victorious </Td> </Tr> <Tr> <Td> `` The Birthweek Song '' </Td> <Td> `` You 're the Reason '' </Td> <Td> Tori Vega </Td> <Td> Yes </Td> <Td> </Td> <Td> Victorious </Td> </Tr> <Tr> <Td> `` Jade Dumps Beck '' </Td> <Td> `` Chicago '' </Td> <Td> Trina Vega </Td> <Td> No </Td> <Td> </Td> <Td> N / A </Td> </Tr> <Tr> <Td> `` Tori the Zombie '' </Td> <Td> `` Finally Falling '' </Td> <Td> Tori Vega and Beck Oliver </Td> <Td> Yes </Td> <Td> </Td> <Td> Victorious </Td> </Tr> <Tr> <Td> `` Survival of the Hottest '' </Td> <Td> `` Make It Shine '' </Td> <Td> `` Victorious '' Cast </Td> <Td> No </Td> <Td> </Td> <Td> N / A </Td> </Tr> <Tr> <Td> `` Wi - Fi in the Sky '' </Td> <Td> `` You 're the Reason '' </Td> <Td> Trina Vega </Td> <Td> No </Td> <Td> </Td> <Td> N / A </Td> </Tr> <Tr> <Td> `` The Great Ping Pong Scam '' </Td> <Td> `` Tell Me That You Love Me '' </Td> <Td> Tori Vega and Andre Harris </Td> <Td> Yes </Td> <Td> </Td> <Td> Victorious </Td> </Tr> <Tr> <Td> `` Freak the Freak Out '' </Td> <Td> `` Forever Baby '' </Td> <Td> Robbie Shapiro and Rex Powers </Td> <Td> No </Td> <Td> </Td> <Td> N / A </Td> </Tr> <Tr> <Td> `` Number One '' ( A.K.A. `` My World '' ) </Td> <Td> Hayley , Tara in a duet Sikowitz in a solo </Td> <Td> No </Td> <Td> </Td> <Td> N / A </Td> </Tr> <Tr> <Td> `` Give It Up '' </Td> <Td> Cat Valentine and Jade West </Td> <Td> Yes </Td> <Td> </Td> <Td> Victorious </Td> </Tr> <Tr> <Td> `` Hate Me , Love Me '' </Td> <Td> Hayley and Tara </Td> <Td> No </Td> <Td> </Td> <Td> N / A </Td> </Tr> <Tr> <Td> `` Freak the Freak Out '' </Td> <Td> Tori Vega </Td> <Td> Yes </Td> <Td> </Td> <Td> Victorious </Td> </Tr> <Tr> <Td> `` Rex Dies '' </Td> <Td> `` Forever Baby '' </Td> <Td> Tori Vega , Robbie Shapiro and Rex Powers </Td> <Td> No </Td> <Td> </Td> <Td> N / A </Td> </Tr> <Tr> <Td> `` The Diddly - Bops '' </Td> <Td> `` Broken Glass '' </Td> <Td> Robbie Shapiro </Td> <Td> Yes </Td> <Td> </Td> <Td> Victorious ( bonus track ) </Td> </Tr> <Tr> <Td> `` Favorite Food '' </Td> <Td> `` Victorious '' Cast </Td> <Td> No </Td> <Td> </Td> <Td> Victorious </Td> </Tr> <Tr> <Td> `` Nose Song '' </Td> <Td> Andre Harris </Td> <Td> No </Td> <Td> </Td> <Td> N / A </Td> </Tr> <Tr> <Td> `` You 're the Reason '' </Td> <Td> Trina Vega </Td> <Td> No </Td> <Td> </Td> <Td> N / A </Td> </Tr> <Tr> <Td> `` Song2You '' </Td> <Td> Tori Vega and Andre Harris </Td> <Td> Yes </Td> <Td> </Td> <Td> Victorious </Td> </Tr> <Tr> <Td> `` Wok Star '' </Td> <Td> `` Fly Out of the Well '' </Td> <Td> Daisy Lee </Td> <Td> No </Td> <Td> </Td> <Td> N / A </Td> </Tr> <Tr> <Td> `` The Wood '' </Td> <Td> `` Forever Baby '' </Td> <Td> Tori Vega and Jade West </Td> <Td> No </Td> <Td> </Td> <Td> N / A </Td> </Tr> <Tr> <Td> `` Beggin ' on Your Knees '' </Td> <Td> `` Beggin ' on Your Knees '' </Td> <Td> Tori Vega </Td> <Td> Yes </Td> <Td> </Td> <Td> Victorious </Td> </Tr> <Tr> <Td> `` Ice Cream for Ke $ ha '' </Td> <Td> `` Blow '' </Td> <Td> Ke $ ha </Td> <Td> Yes </Td> <Td> </Td> <Td> Cannibal </Td> </Tr> <Tr> <Td> `` Tori Gets Stuck '' </Td> <Td> `` The Captain Is She '' </Td> <Td> Tori Vega and Sikowitz </Td> <Td> No </Td> <Td> </Td> <Td> N / A </Td> </Tr> <Tr> <Td> `` Prom Wrecker '' </Td> <Td> `` Best Friend 's Brother '' </Td> <Td> Tori Vega , Cat Valentine and Andre Harris </Td> <Td> Yes </Td> <Td> </Td> <Td> Victorious </Td> </Tr> <Tr> <Td> `` Locked Up ! '' </Td> <Td> `` All I Want Is Everything '' </Td> <Td> Tori Vega , Cat Valentine , Jade West and Trina Vega </Td> <Td> Yes </Td> <Td> </Td> <Td> Victorious </Td> </Tr> <Tr> <Td> `` I Want You Back '' </Td> <Td> `` Victorious '' Cast </Td> <Td> Yes </Td> <Td> </Td> <Td> Victorious </Td> </Tr> <Tr> <Td> `` Helen Back Again '' </Td> <Td> `` ( You Have n't Seen the ) Best of Me '' </Td> <Td> Trina Vega </Td> <Td> No </Td> <Td> </Td> <Td> N / A </Td> </Tr> <Tr> <Td> `` Cat 's Broadway Song '' </Td> <Td> Cat Valentine </Td> <Td> No </Td> <Td> </Td> <Td> N / A </Td> </Tr> <Tr> <Td> `` Make It Shine ( Remix ) '' </Td> <Td> Tori Vega and Andre Harris </Td> <Td> No </Td> <Td> </Td> <Td> N / A </Td> </Tr> <Tr> <Td> `` Jade Gets Crushed '' </Td> <Td> `` 365 Days '' </Td> <Td> Tori Vega and Andre Harris </Td> <Td> Yes </Td> <Td> </Td> <Td> Victorious 3.0 ( bonus track ) </Td> </Tr> <Tr> <Td> `` Okay '' </Td> <Td> Jade West </Td> <Td> No </Td> <Td> </Td> <Td> N / A </Td> </Tr> <Tr> <Td> `` Terror on Cupcake Street '' </Td> <Td> `` The Wheels on the Cupcake '' </Td> <Td> `` Victorious '' Cast </Td> <Td> No </Td> <Td> </Td> <Td> N / A </Td> </Tr> <Tr> <Td> `` A Christmas Tori '' </Td> <Td> `` It 's Not Christmas Without You '' </Td> <Td> Tori Vega , Cat Valentine and Jade West </Td> <Td> Yes </Td> <Td> </Td> <Td> Merry Nickmas ! </Td> </Tr> <Tr> <Td> `` The Breakfast Bunch '' </Td> <Td> `` Run , Run , Run Away '' </Td> <Td> Unknown Artist </Td> <Td> No </Td> <Td> </Td> <Td> N / A </Td> </Tr> <Tr> <Td> `` In This Together '' </Td> <Td> Nikki Watkins </Td> <Td> No </Td> <Td> </Td> <Td> N / A </Td> </Tr> <Tr> <Td> `` Do n't You ( Forget About Me ) '' </Td> <Td> Tori Vega </Td> <Td> Yes </Td> <Td> </Td> <Td> Victorious 2.0 </Td> </Tr> <Tr> <Td> `` The Gorilla Club '' </Td> <Td> `` I 'm on Fire '' </Td> <Td> Robbie Shapiro and Andre Harris </Td> <Td> No </Td> <Td> </Td> <Td> N / A </Td> </Tr> <Tr> <Td> `` Andre 's Horrible Girl '' </Td> <Td> `` Countdown '' </Td> <Td> Tori Vega and Andre Harris </Td> <Td> Yes </Td> <Td> </Td> <Td> Victorious 2.0 </Td> </Tr> <Tr> <Td> `` Tori & Jade 's Playdate '' </Td> <Td> `` Take a Hint '' </Td> <Td> Tori Vega and Jade West </Td> <Td> Yes </Td> <Td> </Td> <Td> Victorious 2.0 </Td> </Tr> <Tr> <Td> `` April Fools Blank '' </Td> <Td> `` Shut Up n ' Dance '' </Td> <Td> `` Victorious '' Cast </Td> <Td> Yes </Td> <Td> </Td> <Td> Victorious 2.0 </Td> </Tr> <Tr> <Td> `` Driving Tori Crazy '' </Td> <Td> `` 5 Fingaz to the Face '' </Td> <Td> `` Victorious '' Cast </Td> <Td> Yes </Td> <Td> </Td> <Td> Victorious 2.0 </Td> </Tr> <Tr> <Td> `` How Trina Got In '' </Td> <Td> `` The Joke is on You '' </Td> <Td> Trina Vega </Td> <Td> No </Td> <Td> </Td> <Td> N / A </Td> </Tr> <Tr> <Td> `` Tori Goes Platinum '' </Td> <Td> `` Make It in America '' </Td> <Td> Tori Vega </Td> <Td> Yes </Td> <Td> </Td> <Td> Victorious 2.0 </Td> </Tr> <Tr> <Td> `` Cheer Me Up ( Only One 's Dancing ) '' </Td> <Td> Tori Vega </Td> <Td> Yes </Td> <Td> </Td> <Td> Victorious 3.0 ( bonus track ) </Td> </Tr> <Tr> <Td> `` The Blonde Squad '' </Td> <Td> `` I Think You ' re Swell '' </Td> <Td> Robbie Shapiro </Td> <Td> Yes </Td> <Td> </Td> <Td> Victorious 2.0 ( bonus track ) </Td> </Tr> <Tr> <Td> `` Three Girls and a Moose '' </Td> <Td> `` L.A. Boyz '' </Td> <Td> Tori Vega and Cat Valentine </Td> <Td> Yes </Td> <Td> </Td> <Td> Victorious 3.0 </Td> </Tr> <Tr> <Td> `` Tori Fixes Beck and Jade '' </Td> <Td> `` You Do n't Know Me '' </Td> <Td> Jade West </Td> <Td> Yes </Td> <Td> </Td> <Td> Victorious 3.0 </Td> </Tr> <Tr> <Td> `` One Thousand Berry Balls '' </Td> <Td> `` Here 's 2 Us '' </Td> <Td> Tori Vega and Andre Harris </Td> <Td> Yes </Td> <Td> </Td> <Td> Victorious 3.0 </Td> </Tr> <Tr> <Td> `` The Bad Roommate '' </Td> <Td> `` Faster Than Boyz '' </Td> <Td> Tori Vega and Andre Harris </Td> <Td> Yes </Td> <Td> </Td> <Td> Victorious 3.0 </Td> </Tr> <Tr> <Td> `` Star - Spangled Tori '' </Td> <Td> `` Star - Spangled Banner '' </Td> <Td> Tori Vega </Td> <Td> No </Td> <Td> </Td> <Td> N / A </Td> </Tr> <Tr> <Td> `` Bad Boys '' </Td> <Td> Tori Vega </Td> <Td> Yes </Td> <Td> </Td> <Td> Victorious 3.0 </Td> </Tr> </Table>",Freak the Freak Out
movement of molecules across a membrane powered by atp,"<P> Active transport is the movement of molecules across a membrane from a region of their lower concentration to a region of their higher concentration -- in the direction against the concentration gradient . Active transport requires cellular energy to achieve this movement . There are two types of active transport -- primary active transport that uses ATP , and secondary active transport that uses an electrochemical gradient . An example of active transport in human physiology is the uptake of glucose in the intestines . </P>",primary active transport
who sold manhattan to the dutch in 1626,"<P> Minuit is credited with purchasing the island of Manhattan from the Native Americans in exchange for traded goods valued at 60 guilders . According to the writer Nathaniel Benchley , Minuit conducted the transaction with Seyseys , chief of the Canarsees , who were only too happy to accept valuable merchandise in exchange for an island that was mostly controlled by the Weckquaesgeeks . </P>","Seyseys , chief of the Canarsees"
city of stars are you shining just for me meaning,"<Tr> <Td> `` </Td> <Td> ( The song ) started at the piano with me just working on demos for Damien , sending him ideas until something really sparked . It 's so funny that that and `` Audition '' are the two songs that people seem to be responding to the most , at least so far , because they had similar processes in the sense that they had probably the least amount of fussing at the piano demo stage . ( ... ) I was just composing it from an emotional place and thinking about the tone . I would say the tone is hopeful , but melancholy at the same time . And it kind of goes back - and - forth between cadencing in major and cadencing in minor , because I think that 's kind of what the song is about . You have these great moments and then you have these less great moments in life and in Los Angeles and we see it happen in the story . I was thinking about that idea a little bit and just trying to compose a melody that I thought was shapely and beautiful . I guess it has some jazz inflections , because it 's something Sebastian plays on the piano . </Td> <Td> '' </Td> </Tr>",
who have been the winners of ink master,"<Table> <Tr> <Th> Season </Th> <Th> Contestants </Th> <Th> Winner </Th> <Th> Runner Up </Th> <Th> Third Place </Th> <Th> Prizes </Th> <Th> First Aired </Th> <Th> Last Aired </Th> <Th_colspan=""3""> Judges ( chair order ) </Th> </Tr> <Tr> <Th> </Th> <Th> </Th> <Th> </Th> </Tr> <Tr> <Th> </Th> <Td> 10 </Td> <Td> Shane O'Neill </Td> <Td> Tommy Helm </Td> <Td> James Vaughn </Td> <Td> <Ul> <Li> Title of Ink Master </Li> <Li> $100,000 </Li> <Li> Feature in Inked magazine </Li> </Ul> </Td> <Td> January 17 , 2012 </Td> <Td> March 6 , 2012 </Td> <Td> Oliver Peck </Td> <Td> Dave Navarro </Td> <Td> Chris Nuñez </Td> </Tr> <Tr> <Th> </Th> <Td> 16 </Td> <Td> Steve Tefft </Td> <Td> Sarah Miller </Td> <Td> Sebastian Murphy </Td> <Td> October 9 , 2012 </Td> <Td> December 18 , 2012 </Td> </Tr> <Tr> <Th> </Th> <Td> 16 </Td> <Td> Joey Hamilton </Td> <Td> Jime Litwalk </Td> <Td> Katherine `` Tatu Baby '' Flores </Td> <Td> July 16 , 2013 </Td> <Td> October 8 , 2013 </Td> </Tr> <Tr> <Th> </Th> <Td> 17 </Td> <Td> Scott Marshall </Td> <Td> Walter `` Sausage '' Frank </Td> <Td> Matti Hixson </Td> <Td> February 25 , 2014 </Td> <Td> May 20 , 2014 </Td> </Tr> <Tr> <Th> 5 </Th> <Td> 16 </Td> <Td> Jason Clay Dunn </Td> <Td> Cleen Rock One </Td> <Td> Erik Siuda </Td> <Td> September 2 , 2014 </Td> <Td> December 16 , 2014 </Td> </Tr> <Tr> <Th> 6 </Th> <Td> 18 </Td> <Td> Dave Kruseman </Td> <Td> Chris Blinston </Td> <Td> Matt O'Baugh </Td> <Td> <Ul> <Li> Title of Ink Master </Li> <Li> $100,000 </Li> <Li> Feature in Inked magazine </Li> <Li> 2015 Dodge Challenger </Li> </Ul> </Td> <Td> June 23 , 2015 </Td> <Td> October 13 , 2015 </Td> </Tr> <Tr> <Th> 7 </Th> <Td> 16 </Td> <Td> Anthony Michaels </Td> <Td> Cleen Rock One </Td> <Td> Christian Buckingham </Td> <Td> <Ul> <Li> Title of Ink Master </Li> <Li> $100,000 </Li> <Li> Feature in Inked magazine </Li> </Ul> </Td> <Td> March 1 , 2016 </Td> <Td> May 24 , 2016 </Td> </Tr> <Tr> <Th> 8 </Th> <Td> 18 </Td> <Td> Ryan Ashley Malarkey </Td> <Td> Gian Karle Cruz </Td> <Td> Kelly Doty </Td> <Td> <Ul> <Li> Title of Ink Master </Li> <Li> $100,000 </Li> <Li> Feature in Inked magazine </Li> <Li> Dodge Charger </Li> <Li> A guest artist spot in either Nunez 's or Peck 's tattoo shop . </Li> </Ul> </Td> <Td> August 23 , 2016 </Td> <Td> December 6 , 2016 </Td> </Tr> <Tr> <Th> 9 </Th> <Td> 36 </Td> <Td> Old Town Ink ( Bubba Irwin & DJ Tambe ) </Td> <Td> Black Cobra Tattoos ( Matt O'Baugh & Katie McGowan ) </Td> <Td> Basilica Tattoo ( Christian Buckingham & Noelin Wheeler ) </Td> <Td> <Ul> <Li> Title of Ink Master </Li> <Li> $200,000 </Li> <Li> Feature in Inked magazine </Li> <Li> Title of `` Master Shop '' </Li> </Ul> </Td> <Td> June 6 , 2017 </Td> <Td> September 26 , 2017 </Td> </Tr> </Table>",
what percentage of the united states is forested,,
what year did the movie deuces come out,"<P> Deuces is an American crime drama written and directed by Jamal Hill . The film stars Larenz Tate , Meagan Good , Lance Gross and Siya . The film is executive produced by Queen Latifah for her production company Flavor Unit Entertainment . Deuces premiered on Netflix on April 1 , 2017 . </P>",2017
who is the present sport minister of india,"<P> The Ministry of Youth Affairs and Sports , a branch of the Government of India , which administers Department of youth affairs and Department of Sports in India . The ministry also overlooks the organisation of Commonwealth 2010 games . As of July 2016 , Minister of Youth Affairs and Sports is the Minister of State ( Independent Charge ) Rajyavardhan Singh Rathore </P>",Rajyavardhan Singh Rathore
who has the most followers on instagram in the world,"<Table> <Tr> <Th> Rank </Th> <Th> Chg </Th> <Th> Account name </Th> <Th> Owner </Th> <Th> Followers ( millions ) </Th> <Th> Profession </Th> <Th> Country </Th> </Tr> <Tr> <Td> 1 . </Td> <Td> </Td> <Td> @ instagram </Td> <Td> Instagram </Td> <Td> 235 </Td> <Td> Social media platform </Td> <Td> USA </Td> </Tr> <Tr> <Td> 2 . </Td> <Td> </Td> <Td> @ selenagomez </Td> <Td> Selena Gomez </Td> <Td> 137 </Td> <Td> Musician and actress </Td> <Td> USA </Td> </Tr> <Tr> <Td> 3 . </Td> <Td> </Td> <Td> @ cristiano </Td> <Td> Cristiano Ronaldo </Td> <Td> 126 </Td> <Td> Footballer </Td> <Td> POR </Td> </Tr> <Tr> <Td> 4 . </Td> <Td> </Td> <Td> @ arianagrande </Td> <Td> Ariana Grande </Td> <Td> 119 </Td> <Td> Musician and actress </Td> <Td> USA </Td> </Tr> <Tr> <Td> 5 . </Td> <Td> </Td> <Td> @ beyonce </Td> <Td> Beyoncé </Td> <Td> 115 </Td> <Td> Musician and actress </Td> <Td> USA </Td> </Tr> <Tr> <Td> 6 . </Td> <Td> </Td> <Td> @ kimkardashian </Td> <Td> Kim Kardashian </Td> <Td> 111 </Td> <Td> Reality TV personality </Td> <Td> USA </Td> </Tr> <Tr> <Td> 7 . </Td> <Td> </Td> <Td> @ kyliejenner </Td> <Td> Kylie Jenner </Td> <Td> 109 </Td> <Td> Reality TV personality </Td> <Td> USA </Td> </Tr> <Tr> <Td> 8 . </Td> <Td> </Td> <Td> @ taylorswift </Td> <Td> Taylor Swift </Td> <Td> 108 </Td> <Td> Musician and actress </Td> <Td> USA </Td> </Tr> <Tr> <Td> 9 . </Td> <Td> </Td> <Td> @ therock </Td> <Td> Dwayne Johnson </Td> <Td> 107 </Td> <Td> Actor and professional wrestler </Td> <Td> USA </Td> </Tr> <Tr> <Td> 10 . </Td> <Td> </Td> <Td> @ justinbieber </Td> <Td> Justin Bieber </Td> <Td> 100 </Td> <Td> Musician </Td> <Td> CAN </Td> </Tr> <Tr> <Td> 11 . </Td> <Td> </Td> <Td> @ neymarjr </Td> <Td> Neymar </Td> <Td> 93 </Td> <Td> Footballer </Td> <Td> BRA </Td> </Tr> <Tr> <Td> 12 . </Td> <Td> </Td> <Td> @ leomessi </Td> <Td> Lionel Messi </Td> <Td> 91 </Td> <Td> Footballer </Td> <Td> ARG </Td> </Tr> <Tr> <Td> 13 . </Td> <Td> </Td> <Td> @ kendalljenner </Td> <Td> Kendall Jenner </Td> <Td> 90 </Td> <Td> Model </Td> <Td> USA </Td> </Tr> <Tr> <Td> 14 . </Td> <Td> </Td> <Td> @ natgeo </Td> <Td> National Geographic </Td> <Td> 88 </Td> <Td> Magazine </Td> <Td> USA </Td> </Tr> <Tr> <Td> 15 . </Td> <Td> </Td> <Td> @ nickiminaj </Td> <Td> Nicki Minaj </Td> <Td> 86 </Td> <Td> Musician </Td> <Td> TRI </Td> </Tr> <Tr> <Td> 16 . </Td> <Td> </Td> <Td> @ nike </Td> <Td> Nike </Td> <Td> 77 </Td> <Td> Sportswear multinational corporation </Td> <Td> USA </Td> </Tr> <Tr> <Td> 17 . </Td> <Td> </Td> <Td> @ khloekardashian </Td> <Td> Khloé Kardashian </Td> <Td> 76 </Td> <Td> Reality TV personality </Td> <Td> USA </Td> </Tr> <Tr> <Td> 18 . </Td> <Td> </Td> <Td> @ mileycyrus </Td> <Td> Miley Cyrus </Td> <Td> 75 </Td> <Td> Musician and actress </Td> <Td> USA </Td> </Tr> <Tr> <Td> 19 . </Td> <Td> </Td> <Td> @ jlo </Td> <Td> Jennifer Lopez </Td> <Td> 75 </Td> <Td> Musician and actress </Td> <Td> USA </Td> </Tr> <Tr> <Td> 20 . </Td> <Td> </Td> <Td> @ katyperry </Td> <Td> Katy Perry </Td> <Td> 69 </Td> <Td> Musician </Td> <Td> USA </Td> </Tr> <Tr> <Td> 21 . </Td> <Td> </Td> <Td> @ ddlovato </Td> <Td> Demi Lovato </Td> <Td> 67 </Td> <Td> Musician and actress </Td> <Td> USA </Td> </Tr> <Tr> <Td> 22 . </Td> <Td> </Td> <Td> @ kourtneykardash </Td> <Td> Kourtney Kardashian </Td> <Td> 63 </Td> <Td> Reality TV personality </Td> <Td> USA </Td> </Tr> <Tr> <Td> 23 . </Td> <Td> </Td> <Td> @ badgalriri </Td> <Td> Rihanna </Td> <Td> 62 </Td> <Td> Musician </Td> <Td> BAR </Td> </Tr> <Tr> <Td> 24 . </Td> <Td> </Td> <Td> @ victoriassecret </Td> <Td> Victoria 's Secret </Td> <Td> 59 </Td> <Td> Lingerie retailer </Td> <Td> USA </Td> </Tr> <Tr> <Td> 25 . </Td> <Td> </Td> <Td> @ kevinhart4real </Td> <Td> Kevin Hart </Td> <Td> 59 </Td> <Td> Comedian </Td> <Td> USA </Td> </Tr> <Tr> <Th_colspan=""7""> As of May 13 , 2018 </Th> </Tr> </Table>",Instagram
where was life or something like it filmed,"<P> The majority of the movie was shot on location in Seattle , Washington although portions were filmed in downtown Vancouver . The TV station in the movie , KQMO , was actually real - life Seattle TV station KOMO - TV ( the KOMO logo was altered on the set of KOMO 4 News and on several of KOMO 's news vehicles , in addition to a few mic flags ) . </P>","Seattle , Washington, downtown Vancouver"
who owns the rights to romeo and juliet,,
the highest post in police department of karnataka state is,"<P> The Director General and Inspector General of Police ( DG&IGP ) is the head of the state 's police department , and under him are Additional Directors Generals of Police . Each Additional Director General of Police is in charge of a particular function : law and order , crime and technical services , administration , intelligence , the Karnataka State Reserve Police , recruitment and training . </P>",The Director General and Inspector General of Police ( DG&IGP )
is it a bank holiday today in spain,"<Table> <Tr> <Th_colspan=""3""> </Th> <Th_colspan=""18""> Autonomous communities </Th> </Tr> <Tr> <Th> Date </Th> <Th> English name </Th> <Th> Native name </Th> <Th> </Th> <Th> </Th> <Th> </Th> <Th> </Th> <Th> </Th> <Th> </Th> <Th> </Th> <Th> </Th> <Th> </Th> <Th> </Th> <Th> </Th> <Th> </Th> <Th> </Th> <Th> </Th> <Th> </Th> <Th> </Th> <Th> </Th> <Th> </Th> </Tr> <Tr> <Td> January 1 </Td> <Td> New Year 's Day ( national holiday ) </Td> <Td> Año Nuevo </Td> <Td> Y </Td> <Td> Y </Td> <Td> Y </Td> <Td> Y </Td> <Td> Y </Td> <Td> Y </Td> <Td> Y </Td> <Td> Y </Td> <Td> Y </Td> <Td> Y </Td> <Td> Y </Td> <Td> Y </Td> <Td> Y </Td> <Td> Y </Td> <Td> Y </Td> <Td> Y </Td> <Td> Y </Td> <Td> Y </Td> </Tr> <Tr> <Td> January 6 </Td> <Td> Epiphany ( national holiday ) </Td> <Td> Día de Reyes / Epifanía del Señor </Td> <Td> Y </Td> <Td> Y </Td> <Td> Y </Td> <Td> Y </Td> <Td> Y </Td> <Td> Y </Td> <Td> Y </Td> <Td> Y </Td> <Td> Y </Td> <Td> Y </Td> <Td> Y </Td> <Td> Y </Td> <Td> Y </Td> <Td> Y </Td> <Td> Y </Td> <Td> Y </Td> <Td> Y </Td> <Td> Y </Td> </Tr> <Tr> <Td> February 28 </Td> <Td> Regional Holiday </Td> <Td> Día de Andalucía </Td> <Td> Y </Td> <Td> </Td> <Td> </Td> <Td> </Td> <Td> </Td> <Td> </Td> <Td> </Td> <Td> </Td> <Td> </Td> <Td> </Td> <Td> </Td> <Td> </Td> <Td> </Td> <Td> </Td> <Td> </Td> <Td> </Td> <Td> </Td> <Td> </Td> </Tr> <Tr> <Td> March 1 </Td> <Td> Regional Holiday </Td> <Td> Dia de les Illes Balears </Td> <Td> </Td> <Td> </Td> <Td> </Td> <Td> </Td> <Td> </Td> <Td> </Td> <Td> </Td> <Td> </Td> <Td> </Td> <Td> Y </Td> <Td> </Td> <Td> </Td> <Td> </Td> <Td> </Td> <Td> </Td> <Td> </Td> <Td> </Td> <Td> </Td> </Tr> <Tr> <Td> March 19 </Td> <Td> St. Joseph 's Day </Td> <Td> San José </Td> <Td> </Td> <Td> </Td> <Td> ML </Td> <Td> Y </Td> <Td> Y </Td> <Td> </Td> <Td> </Td> <Td> Y </Td> <Td> Y </Td> <Td> </Td> <Td> Y </Td> <Td> Y </Td> <Td> Y </Td> <Td> Y </Td> <Td> </Td> <Td> </Td> <Td> </Td> <Td> Y </Td> </Tr> <Tr> <Td> March or April </Td> <Td> Maundy Thursday </Td> <Td> Jueves Santo </Td> <Td> Y </Td> <Td> Y </Td> <Td> Y </Td> <Td> Y </Td> <Td> Y </Td> <Td> Y </Td> <Td> </Td> <Td> Y </Td> <Td> Y </Td> <Td> Y </Td> <Td> Y </Td> <Td> Y </Td> <Td> Y </Td> <Td> Y </Td> <Td> Y </Td> <Td> Y </Td> <Td> Y </Td> <Td> </Td> </Tr> <Tr> <Td> Good Friday ( national holiday ) </Td> <Td> Viernes Santo </Td> <Td> Y </Td> <Td> Y </Td> <Td> Y </Td> <Td> Y </Td> <Td> Y </Td> <Td> Y </Td> <Td> Y </Td> <Td> Y </Td> <Td> Y </Td> <Td> Y </Td> <Td> Y </Td> <Td> Y </Td> <Td> Y </Td> <Td> Y </Td> <Td> Y </Td> <Td> Y </Td> <Td> Y </Td> <Td> Y </Td> </Tr> <Tr> <Td> Easter Monday </Td> <Td> Lunes de Pascua </Td> <Td> </Td> <Td> </Td> <Td> </Td> <Td> </Td> <Td> </Td> <Td> </Td> <Td> Y </Td> <Td> </Td> <Td> </Td> <Td> Y </Td> <Td> </Td> <Td> </Td> <Td> </Td> <Td> Y </Td> <Td> </Td> <Td> Y </Td> <Td> </Td> <Td> Y </Td> </Tr> <Tr> <Td> April 23 </Td> <Td> Regional Holiday </Td> <Td> San Jorge ( Día de Aragón ) </Td> <Td> </Td> <Td> Y </Td> <Td> </Td> <Td> </Td> <Td> </Td> <Td> </Td> <Td> </Td> <Td> </Td> <Td> </Td> <Td> </Td> <Td> </Td> <Td> </Td> <Td> </Td> <Td> </Td> <Td> </Td> <Td> </Td> <Td> </Td> <Td> </Td> </Tr> <Tr> <Td> Día de Castilla y León </Td> <Td> </Td> <Td> </Td> <Td> </Td> <Td> Y </Td> <Td> </Td> <Td> </Td> <Td> </Td> <Td> </Td> <Td> </Td> <Td> </Td> <Td> </Td> <Td> </Td> <Td> </Td> <Td> </Td> <Td> </Td> <Td> </Td> <Td> </Td> <Td> </Td> </Tr> <Tr> <Td> May 1 </Td> <Td> Labour Day ( national holiday ) </Td> <Td> Día del Trabajador </Td> <Td> Y </Td> <Td> Y </Td> <Td> Y </Td> <Td> Y </Td> <Td> Y </Td> <Td> Y </Td> <Td> Y </Td> <Td> Y </Td> <Td> Y </Td> <Td> Y </Td> <Td> Y </Td> <Td> Y </Td> <Td> Y </Td> <Td> Y </Td> <Td> Y </Td> <Td> Y </Td> <Td> Y </Td> <Td> Y </Td> </Tr> <Tr> <Td> May 2 </Td> <Td> Regional Holiday </Td> <Td> Fiesta de la Comunidad de Madrid </Td> <Td> </Td> <Td> </Td> <Td> </Td> <Td> </Td> <Td> </Td> <Td> </Td> <Td> </Td> <Td> </Td> <Td> </Td> <Td> </Td> <Td> </Td> <Td> Y </Td> <Td> </Td> <Td> </Td> <Td> </Td> <Td> </Td> <Td> </Td> <Td> </Td> </Tr> <Tr> <Td> May 17 </Td> <Td> Regional Holiday ( Galician Literature Day ) </Td> <Td> Día das Letras Galegas </Td> <Td> </Td> <Td> </Td> <Td> </Td> <Td> </Td> <Td> </Td> <Td> </Td> <Td> </Td> <Td> </Td> <Td> Y </Td> <Td> </Td> <Td> </Td> <Td> </Td> <Td> </Td> <Td> </Td> <Td> </Td> <Td> </Td> <Td> </Td> <Td> </Td> </Tr> <Tr> <Td> May 30 </Td> <Td> Regional Holiday </Td> <Td> Día de Canarias </Td> <Td> </Td> <Td> </Td> <Td> </Td> <Td> </Td> <Td> </Td> <Td> Y </Td> <Td> </Td> <Td> </Td> <Td> </Td> <Td> </Td> <Td> </Td> <Td> </Td> <Td> </Td> <Td> </Td> <Td> </Td> <Td> </Td> <Td> </Td> <Td> </Td> </Tr> <Tr> <Td> May 31 </Td> <Td> Regional Holiday </Td> <Td> Día de la Región Castilla - La Mancha </Td> <Td> </Td> <Td> </Td> <Td> </Td> <Td> </Td> <Td> Y </Td> <Td> </Td> <Td> </Td> <Td> </Td> <Td> </Td> <Td> </Td> <Td> </Td> <Td> </Td> <Td> </Td> <Td> </Td> <Td> </Td> <Td> </Td> <Td> </Td> <Td> </Td> </Tr> <Tr> <Td> May or June </Td> <Td> Corpus Christi </Td> <Td> Corpus Christi </Td> <Td> </Td> <Td> </Td> <Td> </Td> <Td> </Td> <Td> </Td> <Td> </Td> <Td> </Td> <Td> </Td> <Td> </Td> <Td> </Td> <Td> </Td> <Td> Y </Td> <Td> </Td> <Td> </Td> <Td> </Td> <Td> </Td> <Td> </Td> <Td> </Td> </Tr> <Tr> <Td> June 9 </Td> <Td> Regional Holiday </Td> <Td> Día de la Región de Murcia </Td> <Td> </Td> <Td> </Td> <Td> </Td> <Td> </Td> <Td> </Td> <Td> </Td> <Td> </Td> <Td> </Td> <Td> </Td> <Td> </Td> <Td> </Td> <Td> </Td> <Td> Y </Td> <Td> </Td> <Td> </Td> <Td> </Td> <Td> </Td> <Td> </Td> </Tr> <Tr> <Td> Día de La Rioja </Td> <Td> </Td> <Td> </Td> <Td> </Td> <Td> </Td> <Td> </Td> <Td> </Td> <Td> </Td> <Td> </Td> <Td> </Td> <Td> </Td> <Td> Y </Td> <Td> </Td> <Td> </Td> <Td> </Td> <Td> </Td> <Td> </Td> <Td> </Td> <Td> </Td> </Tr> <Tr> <Td> June 24 </Td> <Td> St. John 's Day </Td> <Td> Sant Joan </Td> <Td> </Td> <Td> </Td> <Td> </Td> <Td> </Td> <Td> </Td> <Td> </Td> <Td> Y </Td> <Td> </Td> <Td> </Td> <Td> </Td> <Td> </Td> <Td> </Td> <Td> </Td> <Td> </Td> <Td> </Td> <Td> </Td> <Td> </Td> <Td> </Td> </Tr> <Tr> <Td> July 25 </Td> <Td> Saint James </Td> <Td> Santiago Apóstol </Td> <Td> </Td> <Td> </Td> <Td> </Td> <Td> </Td> <Td> </Td> <Td> </Td> <Td> </Td> <Td> </Td> <Td> Y </Td> <Td> </Td> <Td> </Td> <Td> </Td> <Td> </Td> <Td> </Td> <Td> </Td> <Td> </Td> <Td> </Td> <Td> </Td> </Tr> <Tr> <Td> August 15 </Td> <Td> Assumption ( national holiday ) </Td> <Td> Asunción </Td> <Td> Y </Td> <Td> Y </Td> <Td> Y </Td> <Td> Y </Td> <Td> Y </Td> <Td> Y </Td> <Td> Y </Td> <Td> Y </Td> <Td> Y </Td> <Td> Y </Td> <Td> Y </Td> <Td> Y </Td> <Td> Y </Td> <Td> Y </Td> <Td> Y </Td> <Td> Y </Td> <Td> Y </Td> <Td> Y </Td> </Tr> <Tr> <Td> September 2 </Td> <Td> Municipal Holiday </Td> <Td> Día de Ceuta </Td> <Td> </Td> <Td> </Td> <Td> CE </Td> <Td> </Td> <Td> </Td> <Td> </Td> <Td> </Td> <Td> </Td> <Td> </Td> <Td> </Td> <Td> </Td> <Td> </Td> <Td> </Td> <Td> </Td> <Td> </Td> <Td> </Td> <Td> </Td> <Td> </Td> </Tr> <Tr> <Td> September 8 </Td> <Td> Regional Holiday </Td> <Td> Día de Asturias </Td> <Td> </Td> <Td> </Td> <Td> </Td> <Td> </Td> <Td> </Td> <Td> </Td> <Td> </Td> <Td> </Td> <Td> </Td> <Td> </Td> <Td> </Td> <Td> </Td> <Td> </Td> <Td> </Td> <Td> Y </Td> <Td> </Td> <Td> </Td> <Td> </Td> </Tr> <Tr> <Td> Día de Extremadura </Td> <Td> </Td> <Td> </Td> <Td> </Td> <Td> </Td> <Td> </Td> <Td> </Td> <Td> </Td> <Td> Y </Td> <Td> </Td> <Td> </Td> <Td> </Td> <Td> </Td> <Td> </Td> <Td> </Td> <Td> </Td> <Td> </Td> <Td> </Td> <Td> </Td> </Tr> <Tr> <Td> September 11 </Td> <Td> National Day of Catalonia </Td> <Td> Diada Nacional de Catalunya </Td> <Td> </Td> <Td> </Td> <Td> </Td> <Td> </Td> <Td> </Td> <Td> </Td> <Td> Y </Td> <Td> </Td> <Td> </Td> <Td> </Td> <Td> </Td> <Td> </Td> <Td> </Td> <Td> </Td> <Td> </Td> <Td> </Td> <Td> </Td> <Td> </Td> </Tr> <Tr> <Td> September 15 </Td> <Td> Regional Holiday </Td> <Td> Día de Cantabria </Td> <Td> </Td> <Td> </Td> <Td> </Td> <Td> </Td> <Td> </Td> <Td> </Td> <Td> </Td> <Td> </Td> <Td> </Td> <Td> </Td> <Td> </Td> <Td> </Td> <Td> </Td> <Td> </Td> <Td> </Td> <Td> </Td> <Td> Y </Td> <Td> </Td> </Tr> <Tr> <Td> October 9 </Td> <Td> Regional Holiday </Td> <Td> Dia de la Comunitat Valenciana </Td> <Td> </Td> <Td> </Td> <Td> </Td> <Td> </Td> <Td> </Td> <Td> </Td> <Td> </Td> <Td> </Td> <Td> </Td> <Td> </Td> <Td> </Td> <Td> </Td> <Td> </Td> <Td> </Td> <Td> </Td> <Td> </Td> <Td> </Td> <Td> Y </Td> </Tr> <Tr> <Td> October 12 </Td> <Td> Fiesta Nacional de España ( national holiday ) </Td> <Td> Fiesta Nacional de España </Td> <Td> Y </Td> <Td> Y </Td> <Td> Y </Td> <Td> Y </Td> <Td> Y </Td> <Td> Y </Td> <Td> Y </Td> <Td> Y </Td> <Td> Y </Td> <Td> Y </Td> <Td> Y </Td> <Td> Y </Td> <Td> Y </Td> <Td> Y </Td> <Td> Y </Td> <Td> Y </Td> <Td> Y </Td> <Td> Y </Td> </Tr> <Tr> <Td> October 25 </Td> <Td> Regional Holiday ( from 2011 ) </Td> <Td> Euskadi Eguna </Td> <Td> </Td> <Td> </Td> <Td> </Td> <Td> </Td> <Td> </Td> <Td> </Td> <Td> </Td> <Td> </Td> <Td> </Td> <Td> </Td> <Td> </Td> <Td> </Td> <Td> </Td> <Td> </Td> <Td> </Td> <Td> Y </Td> <Td> </Td> <Td> </Td> </Tr> <Tr> <Td> November 1 </Td> <Td> All Saints Day ( national holiday ) </Td> <Td> Día de todos los Santos </Td> <Td> Y </Td> <Td> Y </Td> <Td> Y </Td> <Td> Y </Td> <Td> Y </Td> <Td> Y </Td> <Td> Y </Td> <Td> Y </Td> <Td> Y </Td> <Td> Y </Td> <Td> Y </Td> <Td> Y </Td> <Td> Y </Td> <Td> Y </Td> <Td> Y </Td> <Td> Y </Td> <Td> Y </Td> <Td> Y </Td> </Tr> <Tr> <Td> December 6 </Td> <Td> Constitution Day ( national holiday ) </Td> <Td> Día de la Constitución </Td> <Td> Y </Td> <Td> Y </Td> <Td> Y </Td> <Td> Y </Td> <Td> Y </Td> <Td> Y </Td> <Td> Y </Td> <Td> Y </Td> <Td> Y </Td> <Td> Y </Td> <Td> Y </Td> <Td> Y </Td> <Td> Y </Td> <Td> Y </Td> <Td> Y </Td> <Td> Y </Td> <Td> Y </Td> <Td> Y </Td> </Tr> <Tr> <Td> December 8 </Td> <Td> Immaculate Conception ( national holiday ) </Td> <Td> Inmaculada Concepción </Td> <Td> Y </Td> <Td> Y </Td> <Td> Y </Td> <Td> Y </Td> <Td> Y </Td> <Td> Y </Td> <Td> Y </Td> <Td> Y </Td> <Td> Y </Td> <Td> Y </Td> <Td> Y </Td> <Td> Y </Td> <Td> Y </Td> <Td> Y </Td> <Td> Y </Td> <Td> Y </Td> <Td> Y </Td> <Td> Y </Td> </Tr> <Tr> <Td> December 25 </Td> <Td> Christmas Day ( national holiday ) </Td> <Td> Navidad </Td> <Td> Y </Td> <Td> Y </Td> <Td> Y </Td> <Td> Y </Td> <Td> Y </Td> <Td> Y </Td> <Td> Y </Td> <Td> Y </Td> <Td> Y </Td> <Td> Y </Td> <Td> Y </Td> <Td> Y </Td> <Td> Y </Td> <Td> Y </Td> <Td> Y </Td> <Td> Y </Td> <Td> Y </Td> <Td> Y </Td> </Tr> <Tr> <Td> December 26 </Td> <Td> St. Stephen 's Day </Td> <Td> Sant Esteve </Td> <Td> </Td> <Td> </Td> <Td> </Td> <Td> </Td> <Td> </Td> <Td> </Td> <Td> Y </Td> <Td> </Td> <Td> </Td> <Td> Y </Td> <Td> </Td> <Td> </Td> <Td> </Td> <Td> </Td> <Td> </Td> <Td> </Td> <Td> </Td> <Td> </Td> </Tr> <Tr> <Td> Variable Islamic </Td> <Td> Feast of the Sacrifice or Eid al - Adha </Td> <Td> Celebración del Sacrificio </Td> <Td> </Td> <Td> </Td> <Td> Y </Td> <Td> </Td> <Td> </Td> <Td> </Td> <Td> </Td> <Td> </Td> <Td> </Td> <Td> </Td> <Td> </Td> <Td> </Td> <Td> </Td> <Td> </Td> <Td> </Td> <Td> </Td> <Td> </Td> <Td> </Td> </Tr> </Table>",
who owned the iconic bugalow named mehrangir situated in south mumbai,,
what is the great vessel that leaves the left ventricle,,
1970 world cup semi final italy vs germany,,
